urls,timestamp,record_id,Titles,Host_name,Property_types,Prices_per_night,Check_ins,Check_outs,Cleaning_fees,Location,Ratings,Num_reviews,Dormitorios,Camas,Baños,Maximum_guests
http://www.airbnb.e/room/961287943216806993?adut=1&chidren=0&enabe_m3_private_room=true&infant=0&pet=0&earch_mo=reguar_earch&check_in=2024-12-08&check_out=2024-12-13&ource_impreion_id=p3_1730223960_P3j5IocM6wftD1iU&previou_page_ection_name=1000&ferated_earch_id=3cd7215a-e721-4878-b3f0-173aec78c2,2024-10-29 21:15:36,961287943216806993,"Decubre nuetra habitación dobe en  corazón  embemático barrio  Eixampe  Barcona. Dieñada para mayor comodidad y veniencia, eta epacioa habitación cuenta  do  eparada, o  garantiza a privacidad  cada huéped. Lo ervicio morno incuyen TV intigente, mininevera y caja fuerte para proteger tu objeto  vaor. Déitate   ujo     equipado  acceorio  primera caidad. Nuetra ubicación priviegiada etá a oo 15 minuto a pie  a majetuoa Sagrada Famiia y a oo 5 minuto a pie  a Etación  rte.E epacioLa habitación tiene 3  ,  , TV intigente, mininevera y a caja fuerte. Se proporcionan a toaa y o aeo, aí como a ábana. La habitación tiene a ventana interior,  no e pue abrir.Servicio y zona comeLa recepción  hot etá abierta  07:00 a 23:00. Lo huépe podrán difrutar en nuetro vetíbuo. Para accer a a egda panta  hot tamo  acenor intaado.Otro apecto tacabeTodo o huépe etán obigado a pagar  impueto micipa  Barcona, también ocido como  impueto turítico  5,50 euro por perona y noche. Eto no etá incuido en  precio  hot y e cobrará por eparado a a egada.Número  regitroHB-000087", Green Houe,"Habitación en hot en Barcona, Epaña",74 €,-   - 15:00,11:00,,,0.0,201.0,1.0,2.0,0.0,2
http://www.airbnb.e/room/1260094358313659968?adut=1&chidren=0&enabe_m3_private_room=true&infant=0&pet=0&earch_mo=reguar_earch&check_in=2024-11-04&check_out=2024-11-09&ource_impreion_id=p3_1730223959_P3gvJHiBVFvF96WS&previou_page_ection_name=1000&ferated_earch_id=3cd7215a-e721-4878-b3f0-173aec78c2,2024-10-29 21:15:36,1260094358313659968,"Me encanta viajar, com y ocer ugare y perona. Soy muy trabajadora, tengo 3 hijo y a pear  er joven ya tengo 2 nieto.", Diana Maria,"Aojamiento entero: oft en Barcona, Epaña",73 €,15:00 - 22:00,11:00,28 €,"Barcona, Cataya, Epaña",0.0,0.0,1.0,2.0,1.0,3
http://www.airbnb.e/room/1210295928648344258?adut=1&category_tag=Tag%3A8678&chidren=0&enabe_m3_private_room=true&infant=0&pet=0&photo_id=1962958323&earch_mo=reguar_earch&check_in=2024-11-04&check_out=2024-11-09&ource_impreion_id=p3_1730223960_P3u-AN5StVDQKpG&previou_page_ection_name=1000&ferated_earch_id=3cd7215a-e721-4878-b3f0-173aec78c2,2024-10-29 21:15:36,1210295928648344258,"Cancación gratuita ante  3 nov. Si canca ante  a fecha  egada (4 nov.), recibirá  reemboo parcia.", Vero,"Habitación en Barcona, Epaña",36 €,15:00 - 20:00,12:00,31 €,"Barcona, Cataya, Epaña",0.0,0.0,0.0,1.0,0.5,1
http://www.airbnb.e/room/1192692130835760091?adut=1&chidren=0&enabe_m3_private_room=true&infant=0&pet=0&earch_mo=reguar_earch&check_in=2024-11-21&check_out=2024-11-26&ource_impreion_id=p3_1730223960_P31HwkIughTtRL&previou_page_ection_name=1000&ferated_earch_id=3cd7215a-e721-4878-b3f0-173aec78c2,2024-10-29 21:15:36,1192692130835760091,"Difruta  a privacidad   ete  acogedor tranquio y céntrico, en a ubicación epéndida, en  hitórico barrio  Gótico, a poco minuto  a paya. Eta en  emiótano,  área e    23 m incuido   .  Comodida:  cafetera Nepreo, hervidor  agua, toaa y artícuo  aeo.E epacioDe a entrada  edificio, entra a  vetíbuo y baja 6 ecaone, acce a a propiedad,  Minifat e  peño y acogedor epacio   oo e para ti .Servicio y zona come hay zona come, e a habitación privada  aida a a caeNúmero  regitroExempt", Ee,"Habitación privada en: oft en Barcona, Epaña",58 €,14:00 - 21:00,12:00,20 €,"Barcona, Cataya, Epaña",0.0,4.0,1.0,2.0,1.0,1
http://www.airbnb.e/room/1202828460995202150?adut=1&chidren=0&enabe_m3_private_room=true&infant=0&pet=0&earch_mo=reguar_earch&check_in=2024-12-08&check_out=2024-12-13&ource_impreion_id=p3_1730223960_P3_65ATUq5P6DjUO&previou_page_ection_name=1000&ferated_earch_id=3cd7215a-e721-4878-b3f0-173aec78c2,2024-10-29 21:15:36,1202828460995202150,"Situado en peno Barrio Gótico, en  corazón  Barcona. A ado  Mercado  Santa Caterina, a Catedra y  Born. A do cae  Paau  a Múica Cataana (a  a principae aa  cierto  mdo) y muy cercano a Paza Cataya, a a zona comerciae  Barcona (Ramba, Paeo  Gracia, Porta Ferria, Porta  ’Ang) y a do pao  a igeia  Santa María  Mar. Lic. Prov. egún ent. 129/2024  16/04/24 exp. Ajtament 01-IU2019-2373> Pio 3º 1ªE epacioApartamento exterior 54 m² en edificio rehabiitado en 2010 (competamente nuevo),  acenor, en c/ Sant Pere Mé Baix - Ciutat Va. Totamente amuebado: ectrodomético (avadora, nevera, horno, microonda, totadora, hervidor éctrico, ecador  po, pancha), enere cocina, vajia y cubertería, ropa  hogar (manta, toaa, ábana). Conta : • 1       150 cm. • 1       135 cm. • 1   ducha • aón comedor  cocina americana • caefacción  • Ventiadore en a habitacione. 01-IU2019-2375  - Licencia proviiona  1_2019_0519213_1 / 18_9_2019 / Ajtament  Barcona  formidad  a entencia núm. 129/2024  16  abri dictada por  Juzgado  o Contencioo-Adminitrativo núm. 16  Barcona y  formidad  a circuar interpretativa  12  marzo  2014  a Generaitat  Cataya (pio 3º-1ª)Número  regitroHUTB-000000", Critian,"Aojamiento entero: apartamento en Barcona, Epaña",80 €,-   - 15:00,11:00,45 €,"Barcona, Cataya, Epaña",0.0,4.0,2.0,2.0,1.0,4
http://www.airbnb.e/room/1167927143759339825?adut=1&category_tag=Tag%3A8678&chidren=0&enabe_m3_private_room=true&infant=0&pet=0&photo_id=1918858382&earch_mo=reguar_earch&check_in=2024-12-02&check_out=2024-12-07&ource_impreion_id=p3_1730223960_P3Fx7Vg3M1UqXoU&previou_page_ection_name=1000&ferated_earch_id=3cd7215a-e721-4878-b3f0-173aec78c2,2024-10-29 21:15:36,1167927143759339825,"Cerca  a paya y en centro. La zona e muy turítica y a ocaización perfecta para viitar a cuidad. Cerca  bu y metro. En a caa vive a gatita muy tranquia.E epacio e permite a entrada  gente, oo a perona  reerva.Servicio y zona comeMuy cerca  a paya a 2 minuto.Durante tu etanciaE importante a perona  eté tranquia y no moete a o vecinoOtro apecto tacabeE uo  a avadora tiene  cote  6 o programa hata 30 minuto y a 8  má minuto. E uo  a avadora oo e pue reaizar en mi preencia y yo oy a  voy a por en marcha. Pongo eta tarifa, por en  paado varia vece me he entrado a avadora rota.Número  regitroHutb-252742",Marina,"Habitación en Barcona, Epaña",40 €,20:00 - 1:00,11:00,5 €,"Barcona, Cataya, Epaña",0.0,0.0,0.0,1.0,0.5,1
http://www.airbnb.e/room/1093382940108512105?adut=1&category_tag=Tag%3A8678&chidren=0&enabe_m3_private_room=true&infant=0&pet=0&photo_id=1843038712&earch_mo=reguar_earch&check_in=2025-01-06&check_out=2025-01-11&ource_impreion_id=p3_1730223960_P3ucoZL5a0N2Ntij&previou_page_ection_name=1000&ferated_earch_id=3cd7215a-e721-4878-b3f0-173aec78c2,2024-10-29 21:15:36,1093382940108512105,"En a  a cae principae  a zona, aredor  tienda, cafetería, cerca  a etacione  metro L3 - L4 y ugare turítico como P. Cataya, Catedra y a a cuadra  mar. Eta increíbe habitación (20 m2) y tiene    para com oo   otro , y todo o  e pue ver en a foto. E pio cuenta  aón y comedor, cocina,  extra, tratero y epacio a aire ibre, 120 m2 competamente amuebado  todo o neceario, o único  fata e tu equipaje y buen rooNúmero  regitroExempt",Guido,"Habitación en Barcona, Epaña",59 €,13:00 - 15:00,10:00,50 €,"Barcona, Cataya, Epaña",0.0,8.0,0.0,1.0,0.5,2
http://www.airbnb.e/room/1263117591292794971?adut=1&chidren=0&enabe_m3_private_room=true&infant=0&pet=0&earch_mo=reguar_earch&check_in=2024-11-16&check_out=2024-11-21&ource_impreion_id=p3_1730223960_P3jY1Th4WebW-tjp&previou_page_ection_name=1000&ferated_earch_id=3cd7215a-e721-4878-b3f0-173aec78c2,2024-10-29 21:15:36,1263117591292794971,"La ubicación muy buena, cerca  todo i etá c autoNúmero  regitroHUTB-009325", Carmen,"Aojamiento entero: apartamento en Barcona, Epaña",130 €,Máximo 3 huépe,,30 €,"Barcona, Cataya, Epaña",0.0,0.0,1.0,1.0,1.0,3
http://www.airbnb.e/room/1247824320074399619?adut=1&category_tag=Tag%3A8678&chidren=0&enabe_m3_private_room=true&infant=0&pet=0&photo_id=1995473672&earch_mo=reguar_earch&check_in=2024-12-19&check_out=2024-12-24&ource_impreion_id=p3_1730223960_P3UmOMM0RY9NFww&previou_page_ection_name=1000&ferated_earch_id=3cd7215a-e721-4878-b3f0-173aec78c2,2024-10-29 21:15:36,1247824320074399619,"Difruta  a enciez  ete  tranquio y céntrico.E epacioOfrecemo eómica habitación     en  centro  a ciudad.- Situado entre Paza Epaña y  Paza Cataya y La Ramba.- Cerca  comercio, etación  metro, retaurante y upermercado. Tiene todo o  neceita para tu vacacione en Barcona.- La etación  metro má cercana e Paeig  Gracia.- La puerta  habitación e cierra  a ave.- WI-FI..Servicio y zona comeRopa   y toaa incuida en  precio.Servicio:- Aire adicionado tiene precio  10€/dia.- Servicio  avanría 10 euro por avado.- Servicio  igna  equipaje: 10 euro hata a 18:00, uego 5 euro por hora, pero no má  a 20:00 (oo  día  aida, previa oicitud).- Ca, 10 euro por día, ujeta a diponibiidad.- Limpieza durante a etancia: 10 euro por día (opciona).Cambio  ropa   y toaa:- para etancia  5 día,  tercer día  etancia;- para etancia uperiore a 5 día, cada 4 día  etancia;- cambio no programado  ropa   o toaa 10 euro.Por motivo  eguridad,  chat  Airbnb e  cana preferido para comicare  o huépe.Otro apecto tacabe:La cocina y 1  e comparten  otro huépe. La área come e impian diariamente.Eta e a caa famiiar, por o  pedimo a o huépe  mann bajo o nive  ruido pué  a 22:00 p.m. e permite a entrada a apartamento a huépe adicionae ( no hayan pagado u etancia) a meno  e acuer previamente.Número  regitroHUTB-001234", Kritina,"Habitación en Barcona, Epaña",28 €,16:00 - 20:00,11:00,24 €,"Barcona, Cataya, Epaña",0.0,0.0,0.0,1.0,0.5,1
http://www.airbnb.e/room/52981104?adut=1&chidren=0&enabe_m3_private_room=true&infant=0&pet=0&earch_mo=reguar_earch&check_in=2024-11-01&check_out=2024-11-06&ource_impreion_id=p3_1730223960_P3JHqrH09UZzyGFp&previou_page_ection_name=1000&ferated_earch_id=3cd7215a-e721-4878-b3f0-173aec78c2,2024-10-29 21:15:36,52981104,"Habitación ia para com hitoria y experiencia  capacidad para hata 8 perona. Tiene 4 . Incuye   , do avabo, aire adicionado, wifi gratuito, ropa   y  epacio  para guardar u equipaje. Toda a  tienen exión USB para cargar u dipoitivo. Unite dipone  habitacione   adaptado para minuváido egún diponibiidad.E etabecimiento no acepta pago en efectivo, oo e pue pagar  tarjeta  crédito.E epacioHota ituado en  entorno priviegiado, en  edificio remoado  a Via Oímpica, a poco pao  a paya. Ofrece ampia habitacione toda   , aire adicionado, WIFI y exión USB en cada .Unite dipone  habitacione privada y compartida,  má  400m2  epacio come  bibioteca, chi out, aa  TV, cocina, aa  creación  múica ectrónica, terraza  oárium y recepción 24h.Deayo bufé por 8,50 € todo o día  7:30 a 10:30 en nuetra aa  ayo. Sección  pate, bueno zumo, café y té  hierba.También hay  epacio  coworking  ornadore diponibe para o huépe. Todo o día e organizan activida tanto ntro como fuera  Unite.Hay  bar/retaurante y aparcamiento (epark) en  edificio.E abergue e encuentra a 10 minuto en biciceta  a Sagrada Famiia y a 500 metro  a parada  metro  a ínea 4 (amaria)  enaza  La Catedra, Paeig  Gràcia y Diagona.E  barrio  a tart-up y etudio  dieño má pionero  a ciudad, paya va Icaria, Barconeta, Born, Port Oimpic.Otro apecto tacabeTenga en cuenta  ete etabecimiento no acepta pago  American Expre.Se rerirá a tarjeta  garantía en  momento  regitro.Lo huépe menore  18 año neceitan  permio  u tutor ega para aojare en  compartido.Un bebé no pue com  .La  e aignarán  día  egada  acuerdo  a preferencia  huéped ntro  nuetra poibiida  acuerdo  a diponibiidad. Para aegurare   todo etén en a mima habitación, reerve a habitación privada.La toaa etán incuida oo en a habitacione privada. Si ha reervado a  en a habitación compartida, recuer traera  uted,  o trario, pue comprara en a recepción por  coto adiciona.UHB cuenta  a aa  viita don pue jar u equipaje ante  check-in y pué  check-out (ervicio  pago). Cuando te aoje tiene  epacio reervado en tu habitación para tu equipaje, recuerda  pue traer tu propio candado y i o ovida no te preocupe por pue comprar o en Recepción (ervicio  pago).Tenga en cuenta  eto ervicio incuyen a tarifa adiciona:Deayo: 8,50 €Cote adiciona  a toaa 5,00 €.Candado 6,00 €.Depóito  ecador  po  20,00 €. Etacionamiento no incuido en a tarifaTaa micipa NO incuida 4,68 € por perona/día  acuerdo  a Ley  Paramento  Catauña. A pagar directamente en  hota. A   10/01/24 cotará 5,50 € por perona y por día.Número  regitroAJ000697", Unite Hot,"Habitación en Barcona, Epaña",37 €,-   - 14:00,11:00,,,0.0,2752.0,0.0,1.0,0.5,1
http://www.airbnb.e/room/1197637831227097242?adut=1&chidren=0&enabe_m3_private_room=true&infant=0&pet=0&earch_mo=reguar_earch&check_in=2024-11-24&check_out=2024-11-29&ource_impreion_id=p3_1730223960_P3-U8Cx1AiRKb3EV&previou_page_ection_name=1000&ferated_earch_id=3cd7215a-e721-4878-b3f0-173aec78c2,2024-10-29 21:15:36,1197637831227097242,E epacioE apartamento etá aí formado:⭑Servicio y zona comeLo huépe tendrán  entero apartamento a u competa dipoición.Otro apecto tacabe✓ Aire adicionado✓ Internet✓ Check-in/check-out autónomo✓ Sábana y toaa ✓ 1 minuto  a Ramba✓ 7 minuto  a Catedra✓ 10 minuto  Paça Cataya y Paeig  Gràcia✓ 15 minuto  Paya  a BarconetaNúmero  regitroHUTB-001628, Raffae,"Aojamiento entero: apartamento en Barcona, Epaña",,-   - 15:00,11:00,,"Barcona, Cataya, Epaña",0.0,3.0,1.0,1.0,1.0,2
http://www.airbnb.e/room/1197658127949521687?adut=1&chidren=0&enabe_m3_private_room=true&infant=0&pet=0&earch_mo=reguar_earch&check_in=2024-11-03&check_out=2024-11-08&ource_impreion_id=p3_1730223960_P3_wXWkv5JUS-J&previou_page_ection_name=1000&ferated_earch_id=3cd7215a-e721-4878-b3f0-173aec78c2,2024-10-29 21:15:36,1197658127949521687,Ete anfitrión tiene 16 evauacione  otro . Échae  vitazo, Ahey,"Aojamiento entero: apartamento en Barcona, Epaña",110 €,14:00 - 23:00,10:00,94 €,"Barcona, Cataya, Epaña",0.0,0.0,2.0,3.0,1.0,4
http://www.airbnb.e/room/12634537?adut=1&chidren=0&enabe_m3_private_room=true&infant=0&pet=0&earch_mo=reguar_earch&check_in=2024-12-01&check_out=2024-12-06&ource_impreion_id=p3_1730223960_P36Rqb00fSRj1Zf&previou_page_ection_name=1000&ferated_earch_id=3cd7215a-e721-4878-b3f0-173aec78c2,2024-10-29 21:15:36,12634537,"Ete apartamento e encuentra a poco pao  caco antiguo, a oo 5 minuto a pie  a famoa Ramba y  puerto.  E apartamento en í e muy tranquio y iencioo, ya  da a a parte interior  edificio. Perfecto para vover a caa y rajarte. Iamente para viitar a principae atraccione  a ciudad ya   apartamento etá bien comicado  metro, taxi, autobue.E epacioEL APARTAMENTO  icencia oficia: HUTB - 002580Ampio, oeado y cómodo,  epacio abierto y a aa  etar uminoa. Situado en o  o barrio  moda y ocae  Barcona, eno  vida durante  día y a noche. Sin embargo, muy iencioo, ya  e encuentra en  quinto pio rea y no tiene ninga ventana a a cae. E partamento ha ido remoado  muebe freco en enero  2023 Ete apartamento e  ugar perfecto para rajare pué  a jornada activa viitando a ciudad, a terraza privada para rajare.Si buca acción, a oo o pao  edificio, te mezcará  o ugareño y entrará a mejor comida y bebida a precio aequibe. (Pregúntame a dón ir ;)) Pue cubrir fácimente a ciudad a pie  eta ubicación céntrica. Si quiere ir a agún ugar má ejo hay  montón  taxi paando por  apartamento y a etacione  metro Para y Draane etán a oo 5 minuto a pie  a caa.¿Buca a vita inda  a ciudad? A meno  10 minuto caminando, etará en a cima  a montaña  Montjuic  atraccione y, o má importante, ¡a vita competa  a ciudad!HABITACIONESE apartamento etá equipado  cuatro (4) habitacione y do (2)  competo, o  o hace perfecto para pareja, famiia o grupo. *HABITACIÓN 1:  tamaño en y   competo. Cama  160 cm.*HABITACIÓN 2: Cama tamaño en. Cama  160 cm.*HABITACIÓN 3: do   () Cada   90 cm.*HABITACIÓN 4:  dobe - Cama  140cm.  competo para a otra habitacione.Toda a habitacione diponen  u propio armario y aire adicionado y caefacción. LA COCINACocina totamente equipada.*Pato, critaería y cubierto.*Uteniio  cocina.*avavajia;*Horno y microonda*Totadora*Hervidor  AguaSALA Y TERRAZA*Mea para  máximo  8 perona.* Internet inaámbrico (toda a zona  apartamento)*Terraza  mea comedor y zona  chi out.Servicio y zona comeDifruta  toda a zona  apartamento, tendrá acceo a:- Internet inaámbrico- Caefacción y aire adicionado en toda a habitacione. -Lavadora y ecadora- Secador  po- Cocina totamente equipada-Toaa y ábana-Champú, g  ducha y pap higiénico.E edificio cuenta  do acenore ( apartamento etá ubicado en  4to pio)Otro apecto tacabeProhibido fumar (oo en a terraza)  e admiten macota. Si trae a, no du en ponerte en tacto migo  antación.  e permiten fieta ni evento.Vecino muy etricto en cuanto a ruido y fietaNúmero  regitroHUTB-002580", Vaerie,"Aojamiento entero: vivienda en Barcona, Epaña",150 €,-   - 15:00,11:00,130 €,,0.0,0.0,4.0,4.0,2.0,8
http://www.airbnb.e/room/1121943650344876902?adut=1&chidren=0&enabe_m3_private_room=true&infant=0&pet=0&earch_mo=reguar_earch&check_in=2024-11-17&check_out=2024-11-22&ource_impreion_id=p3_1730223960_P3xdvjVcWXmqZKGH&previou_page_ection_name=1000&ferated_earch_id=3cd7215a-e721-4878-b3f0-173aec78c2,2024-10-29 21:15:36,1121943650344876902,"Decubre ete encantador ático  mara,  oai  tranquiidad en  centro  Barcona, ia para pareja  bucan a experiencia única y romántica.Por favor Le Ruego  entiendan y ean tenidamente  ancio, e a humi caita  mara para vivir a experiencia diferente in gran ujo, amá e  5 pio in acenor oo para o ma portita.E epacioLo  te encantará  ete epacio:Rájate en tu jacuzzi  tra  día exporando a ciudad.Difruta  cena a aire ibre  tu barbacoa excuiva en a terraza.Vita impreionante y uz natura  indan  epacio, creando  ambiente acogedor.Ubicado en  ático  tota privacidad, perfecto para ectar y difrutar  momento íntimo.Un dieño origina y cáido  acabado en mara, brindando  to único y acogedor.ta: A  edificio no cuenta  acenor, a ubida te recompena  a erenidad y a vita  ete epacio excepciona.Detae adicionae:Ia para ecapada romántica.A poca ditancia  o principae pto turítico y cuturae  Barcona.Un refugio  paz en  corazón  a ciudad, ia para quiene bucan  equiibrio entre comodidad y privacidad.Servicio y zona comeTodo o epacio, incuyendo  jacuzzi y a barbacoa, on  uo competamente , aegurando tota tranquiidad.Otro apecto tacabe ovi  eta e a caa  mara  todo u encanto y romanticimo... ¡pero también  aga pecuiarida!  te preocupe, no entra agua por  techo cuando ueve, no e ee tipo  caa  mara. Sin embargo, no ja  er a caita  mara,  u encanto.Número  regitroHUTB-289019", David Nicoa,"Minicaa en Barcona, Epaña",110 €,-   - 16:00,11:00,75 €,"Barcona, Cataya, Epaña",0.0,3.0,1.0,1.0,1.0,2
http://www.airbnb.e/room/1258050710501185022?adut=1&chidren=0&enabe_m3_private_room=true&infant=0&pet=0&earch_mo=reguar_earch&check_in=2024-11-23&check_out=2024-11-28&ource_impreion_id=p3_1730223960_P3wV7eyQ1ZnEaxay&previou_page_ection_name=1000&ferated_earch_id=3cd7215a-e721-4878-b3f0-173aec78c2,2024-10-29 21:15:36,1258050710501185022,Ete anfitrión tiene 191 evauacione  otro . Échae  vitazo, Kiko,"Aojamiento entero: apartamento en Barcona, Epaña",75 €,15:00 - 20:00,11:00,80 €,"Barcona, Cataya, Epaña",0.0,0.0,3.0,3.0,1.0,6
http://www.airbnb.e/room/1162260256190344733?adut=1&chidren=0&enabe_m3_private_room=true&infant=0&pet=0&earch_mo=reguar_earch&check_in=2024-12-10&check_out=2024-12-15&ource_impreion_id=p3_1730223960_P3JBuP_GFnNNfi&previou_page_ection_name=1000&ferated_earch_id=3cd7215a-e721-4878-b3f0-173aec78c2,2024-10-29 21:15:36,1162260256190344733,Apartamento acogedor recién reformadoNúmero  regitroExempt, Lorenzo And  Critina,"Aojamiento entero: apartamento en Barcona, Epaña",99 €,15:00 - 1:00,11:00,35 €,,0.0,0.0,1.0,1.0,1.0,2
http://www.airbnb.e/room/1239920055875442315?adut=1&category_tag=Tag%3A8678&chidren=0&enabe_m3_private_room=true&infant=0&pet=0&photo_id=2016940308&earch_mo=reguar_earch&check_in=2024-11-25&check_out=2024-11-30&ource_impreion_id=p3_1730223960_P3Idda_zVV0gVaZN&previou_page_ection_name=1000&ferated_earch_id=3cd7215a-e721-4878-b3f0-173aec78c2,2024-10-29 21:15:36,1239920055875442315,"Etamo aquiando a PEQUEÑA HABITACIÓN PRIVADA en Pobe Sec, a poca ditancia a pie : Paza Epaña, Le Eixampe, Paza Catauña, Avenida Parao, etación  metro, autobú y todo  tranporte púbico.E epacioEtamo aquiando a PEQUEÑA HABITACIÓN PRIVADA (a ave  a cerradura  a puerta  tu propia habitación para ti. Hay: toaa  uo gratuito, ropa   y exión wifi gratuita). Compartiendo  apartamento y a área come; cocina,  y tenemo a eñora  a impieza todo o día para a área come. -   E apartamento e comparte  huépe  Airbnb como tú.Servicio y zona comeCocina y Otro apecto tacabeLa entrada e pué  a 15:00hr. NO hay check-in pué  a 24 hora/00 hora      - Tarifa extra  20 euro por egada pué  a 20 hora.    La aida e reaizará ante  a 11:00 a. m.                                                                                                                                                                                                                                                                                                                                                                                                                                                                                                                                                                                                                                                                    – aida pué  a hora etabecida in permio/in aurthorized... recargo  30 hora por cada hora  pué  a 11: 00 hora.  --  Neceitamo ver   nombre y  número  intificación o paaporte  a perona  reaiza  check-in.            -- para a impieza,  aneamiento, a higina y o guto peronae: in aceite para cocinar, in a, in pimienta(no proporciono eto artícuo) -- o huépe NO regitrado ben er aprobación previa....30 € cargo diario adiciona por cada huéped NO regitrado EN LA reerva ..TODAS LAS PERSONAS EN EL APARTAMENTO; DEBEN etar EN LA RESERVA.                                                                                                                                                                                                                                                                                                                                                                                                                                                                                                                                                                                                                                                                                                                                                                                                                                                                                                                                                                                                                                            - NO e admiten biciceta, cooter -3 panta in acenor(in acenor)- todo o huépe ben er mayore  18 año.Tarifa  60 euro  cargo adiciona diario por cuaquier macota acompañante en  apartamento.                                                                                                                                                                                                                                                                                                                                                                                                                                                                                                                                                                                                                                                                                                                                                                                                                                                                                                                                                                                                                                                                                                                                                                                                                                                                                                                                                                                                                                                                                                                                                                                                                                                                                                                                                                                                                                                                                                                                                                                                                                                                                                                                                                                                                                                                                                                                                                                                                                                                                                                                                                                                                                                                                                                                                                                                                                                                                                                                                                                                                                                                                                                                                                                                                                                                                                                                                                                                                                                                                                                                                                                                                                                                                                                                                                                                                                                                                                                                                                                                                                                                                                                                                                                                                                                                                                                                                                                                                                                                                                                                                                                                                                                                                                                                                                                                                                                                                                                                                                                                                                                                                                                                                                                                                                                                                                                                                                                                                                                                                                                                                                                                                                                                                                                                                                                                                                                                                                                                                                                                                                                                                                                                                                                                                                                                                                                                                                                                                                                                                                                                                                                                                                                                                                                                                                                                                                                                                                                                                                                                                                                                                                                                                                                                                                                                                                                                                                                                                                                                                                                                                                                                                                                                                                                                                                                                                                                                                                                                                                                                                                                                                                                                                                                                                                                                                                                                                                                                                                                                                                                                                                                                                                                                                                                                                                                                                                                                                                                                                                                                                                                                                                                                                                                                                                                                                                                                                                                                                                                                                                                                                                                                                                                        -- Eperamo  no ayu a impiar o  enucie. Eto incuye impiar y guardar o pato y uteniio  cocina.  -Todo o daño a a propiedad ben er reportado a nootro...    -- e cobrarán 20 € por a ábana o toaa manchada. La toaa on para uo oo ntro  apartamento.                                                                                                                                                                                                                                                                   -- Recoger o  enucie en zona come e importante. -- tiempo  iencio pué  a 22:00h o 22:00h, (NO múica ni ruido fuerte)...hacer fieta durante ete tiempo...a reerva a cancará y tendrá  air  a habitación o apartamento in ningún reemboo. -- En cao  perr a ave ... hay  pagar 70 €                                                     --  e puen uar fieta, droga ni acoho ntro  a habitacione ni  apartamento. - etá prohibido fumar ntro  a habitación o apartamento..(be tener  pagar 70 €.. impieza epecia) --E apartamento y a habitacione etán en buen etado...(uce, todo o muebe, ectrodomético, cerradura y ave  a puerta) y cumpen  todo o requiito  orn y impieza para a vivencia taada en o ancio y epecificacione  a normativa  Airbnb. --Para garantizar a pena eguridad  a pertenencia  nuetro huépe, no guta mantener a puerta  apartamento cerrada como medida  precaución. Siendo Barcona a  a zona má egura  Epaña, remo aegurarno   a etancia  cada huéped eté ibre  probema, y eto e oo a coa peña y encia  pomo hacer para garantizaro. CONFIRMANDO LA RESERVA ACEPTAS TODAS LAS REGLAS DE LA CASA (incumpir a rega, a reerva e cancará y tiene  air  a habitación o apartamento in ningún reemboo)......GRACIASNúmero  regitroHUTB-102371",Jeu Maximiiano,"Habitación en Barcona, Epaña",63 €,15:00 - 20:00,10:00,,"Barcona, Cataya, Epaña",0.0,0.0,0.0,1.0,0.5,2
http://www.airbnb.e/room/545602057442226577?adut=1&category_tag=Tag%3A8678&chidren=0&enabe_m3_private_room=true&infant=0&pet=0&photo_id=1559365984&earch_mo=reguar_earch&check_in=2024-12-07&check_out=2024-12-12&ource_impreion_id=p3_1730223960_P38PJ9tJJ7dI4oE&previou_page_ection_name=1000&ferated_earch_id=3cd7215a-e721-4878-b3f0-173aec78c2,2024-10-29 21:15:36,545602057442226577,"Acogedora habitación privada en  centro  Barcona, barrio  Pobe Sec a tre minuto a pié  a etación  metro Para.,Ficuar  Montjuic y red  autobue urbano .Perfecta ubicación para ir hacia cuaquier zona  Barcona Zona  ocio  teatro,aa  fieta,bingo,bare y retaurante don por gutar tapa y patio y difrutar   merecido rax.E epacioLa habitación e encuentra en    Se trata  a etancia Acogedora  cerradura  e compone  a  , armario para guardar a ropa, meita  noche,mea ecritorio  todo o tae para por trabajar,etación  carga  entrada ub y enchufe,ia ergonómica y tv.Servicio y zona comeHabitación LavaboDurante tu etanciaLo huépe e puen poner en tacto migo a travé  amada,correo ectrónico y mOtro apecto tacabeLa ubicación en a  e encuentra a vivienda no permite por viitar tanto a Ramba,como  Puerto  Barcona, CC Maremágnum,La Fira  Paza d'Epaña y a montaña  Montjuic a tan óo 10 minuto a pié. Cómo también e pue viitar a paya  a Barconeta,  Barrio Gótico, Paza  Cataya... entre otro mucho ugare má.Número  regitroExempt",Magdaena,"Habitación en Barcona, Epaña",50 €,15:00 - 0:00,12:00,43 €,"Barcona, Cataya, Epaña",0.0,0.0,0.0,1.0,0.5,1
http://www.airbnb.e/room/1218645303173234166?adut=1&category_tag=Tag%3A8678&chidren=0&enabe_m3_private_room=true&infant=0&pet=0&photo_id=1971156620&earch_mo=reguar_earch&check_in=2025-01-07&check_out=2025-01-12&ource_impreion_id=p3_1730223969_P3cCZuKKQgnLm32_&previou_page_ection_name=1000&ferated_earch_id=fd8ae661-63da-416e-92bf-d6a2ad4170c6,2024-10-29 21:15:36,1218645303173234166,Difruta  a habitación  cerca a a agrada famiia (5 minuto caminando).En   don etá a habitación e  epacio tranquio e ia para canar.Número  regitroExempt, Gia,"Habitación en Barcona, Epaña",40 €,N-N,NaN,34 €,"Barcona, Cataya, Epaña",0.0,0.0,0.0,1.0,0.5,1
http://www.airbnb.e/room/1197637831227097242?adut=1&chidren=0&enabe_m3_private_room=true&infant=0&pet=0&earch_mo=reguar_earch&check_in=2024-11-24&check_out=2024-11-29&ource_impreion_id=p3_1730223969_P3oUcqPxrhaOiiO&previou_page_ection_name=1000&ferated_earch_id=fd8ae661-63da-416e-92bf-d6a2ad4170c6,2024-10-29 21:15:36,1197637831227097242,E epacioE apartamento etá aí formado:⭑Servicio y zona comeLo huépe tendrán  entero apartamento a u competa dipoición.Otro apecto tacabe✓ Aire adicionado✓ Internet✓ Check-in/check-out autónomo✓ Sábana y toaa ✓ 1 minuto  a Ramba✓ 7 minuto  a Catedra✓ 10 minuto  Paça Cataya y Paeig  Gràcia✓ 15 minuto  Paya  a BarconetaNúmero  regitroHUTB-001628, Raffae,"Aojamiento entero: apartamento en Barcona, Epaña",,-   - 15:00,11:00,,"Barcona, Cataya, Epaña",0.0,3.0,1.0,1.0,1.0,2
http://www.airbnb.e/room/41616877?adut=1&category_tag=Tag%3A8678&chidren=0&enabe_m3_private_room=true&infant=0&pet=0&photo_id=1877804377&earch_mo=reguar_earch&check_in=2024-11-19&check_out=2024-11-24&ource_impreion_id=p3_1730223969_P3COFy_BHwnJYATQ&previou_page_ection_name=1000&ferated_earch_id=fd8ae661-63da-416e-92bf-d6a2ad4170c6,2024-10-29 21:15:36,41616877,"E toda a zona privada  a  dobe.También tiene  comedor uminoo y ,  a gran ventana.  (fuera  a habitación).Acceo a a cocina competa.Número  regitroExempt",Joe David,"Habitación en Barcona, Epaña",40 €,15:00 - 22:00,10:00,15 €,"Barcona, Cataya, Epaña",0.0,27.0,0.0,1.0,0.0,2
http://www.airbnb.e/room/1202828460995202150?adut=1&chidren=0&enabe_m3_private_room=true&infant=0&pet=0&earch_mo=reguar_earch&check_in=2024-12-08&check_out=2024-12-13&ource_impreion_id=p3_1730223969_P3GIWKMe7yc6gM9&previou_page_ection_name=1000&ferated_earch_id=fd8ae661-63da-416e-92bf-d6a2ad4170c6,2024-10-29 21:15:36,1202828460995202150,"Situado en peno Barrio Gótico, en  corazón  Barcona. A ado  Mercado  Santa Caterina, a Catedra y  Born. A do cae  Paau  a Múica Cataana (a  a principae aa  cierto  mdo) y muy cercano a Paza Cataya, a a zona comerciae  Barcona (Ramba, Paeo  Gracia, Porta Ferria, Porta  ’Ang) y a do pao  a igeia  Santa María  Mar. Lic. Prov. egún ent. 129/2024  16/04/24 exp. Ajtament 01-IU2019-2373> Pio 3º 1ªE epacioApartamento exterior 54 m² en edificio rehabiitado en 2010 (competamente nuevo),  acenor, en c/ Sant Pere Mé Baix - Ciutat Va. Totamente amuebado: ectrodomético (avadora, nevera, horno, microonda, totadora, hervidor éctrico, ecador  po, pancha), enere cocina, vajia y cubertería, ropa  hogar (manta, toaa, ábana). Conta : • 1       150 cm. • 1       135 cm. • 1   ducha • aón comedor  cocina americana • caefacción  • Ventiadore en a habitacione. 01-IU2019-2375  - Licencia proviiona  1_2019_0519213_1 / 18_9_2019 / Ajtament  Barcona  formidad  a entencia núm. 129/2024  16  abri dictada por  Juzgado  o Contencioo-Adminitrativo núm. 16  Barcona y  formidad  a circuar interpretativa  12  marzo  2014  a Generaitat  Cataya (pio 3º-1ª)Número  regitroHUTB-000000", Critian,"Aojamiento entero: apartamento en Barcona, Epaña",80 €,-   - 15:00,11:00,45 €,"Barcona, Cataya, Epaña",0.0,4.0,2.0,2.0,1.0,4
http://www.airbnb.e/room/1260094358313659968?adut=1&chidren=0&enabe_m3_private_room=true&infant=0&pet=0&earch_mo=reguar_earch&check_in=2024-11-04&check_out=2024-11-09&ource_impreion_id=p3_1730223969_P3ynUD6-xt3J0Q4U&previou_page_ection_name=1000&ferated_earch_id=fd8ae661-63da-416e-92bf-d6a2ad4170c6,2024-10-29 21:15:36,1260094358313659968,"Me encanta viajar, com y ocer ugare y perona. Soy muy trabajadora, tengo 3 hijo y a pear  er joven ya tengo 2 nieto.", Diana Maria,"Aojamiento entero: oft en Barcona, Epaña",73 €,15:00 - 22:00,11:00,28 €,"Barcona, Cataya, Epaña",0.0,0.0,1.0,2.0,1.0,3
http://www.airbnb.e/room/22991302?adut=1&chidren=0&enabe_m3_private_room=true&infant=0&pet=0&earch_mo=reguar_earch&check_in=2024-12-01&check_out=2024-12-06&ource_impreion_id=p3_1730223969_P3ZXTxpiC_MoNCt&previou_page_ection_name=1000&ferated_earch_id=fd8ae661-63da-416e-92bf-d6a2ad4170c6,2024-10-29 21:15:36,22991302,"Ia para famiia o pareja. Apartamento     capacidad máxima 4 perona, a minuto  Paza Catauña&Born. Ubicación ia, minuto   a Sagrada Famiia. E apartamento dipone  1 habitación (  /o do  ) + ofá  dobe en aón, cocina y . Pue caminar a o principae ugare turítico. Mueo Picao, Arco  Trifo, par  a Ciutaa. Poibiidad  parking en  edificio y fáci check in  cerradura intigenteE epacioApartamento ia  1   capacidad para 2-4 perona, en  centro  a ciudad  Barcona. E etudio tiene a  dobe o 2  ma ofa  en  comedor, cocina competamente equipado y . Etá en a zona muy bonita, cerca  Born, pue caminar a o principae ugare turítico. E Mueo Picao, Arc  Triomf,  par  a Ciutaa etán muy cerca  apartamento. Camino fáci a a igeia  La Sagrada Famiia o a Port Oímpic (vida nocturna y bueno retaurante  marico).Hay  etacionamiento en  edificio por  precio extra  20 € / por noche. Do parada  metro muy cerca: ínea roja L1 Arc  Triomf y ínea púrpura L2 Tetuán. A ado  varia parada  autobú y a Gran Vía.Número  regitroHUTB-001930", Georgina,"Aojamiento entero: apartamento en Barcona, Epaña",108 €,-   - 15:00,11:00,25 €,"Barcona, Cataya, Epaña",0.0,448.0,1.0,3.0,1.0,4
http://www.airbnb.e/room/979073?adut=1&chidren=0&enabe_m3_private_room=true&infant=0&pet=0&earch_mo=reguar_earch&check_in=2024-12-01&check_out=2024-12-06&ource_impreion_id=p3_1730223969_P3UDDz1tuBrEh2Yx&previou_page_ection_name=1000&ferated_earch_id=fd8ae661-63da-416e-92bf-d6a2ad4170c6,2024-10-29 21:15:36,979073,"- Pio iencioo entre  barrio  Gracia y a Sagrada Famiia.- Muy buena opción para famiia: mucho upermercado en a zona, tienda, par infantie púbico, mercado  aimento freco a poco pao...- ¡2 ínea  metro cerca  apartamento!- ¡Regitro autónomo! ¡Pue abrir a puerta  tu téfono intigente!- ¡Soo utiizamo ectricidad procente  fuente  energía renovabe!- Vocidad WiFi: ¡300 MB por egdo!- ¡Aire adicionado!.Nº reg.: HUTB005487E epacioPio en peno centro  Barcona, en  barrio  Gracia, recién reformado. A diez minuto andando  a Sagrada Famiia y a 15 minuto andando  Paeo  Gracia, ambo etán a 1 km  ditancia.E partamento etá en  egdo pio y tiene dobe vita. En  oar exterior verá  paio muy tranquio y iencioo. Por cierto, a cae tan iencioa como eta e muy inguar en Gracia, ¡pero e aí! Y podrá experimentaro. En  interior difrutará  patio , muy típico  a arquitectura barconea.La caa fue truida a principio  SXX. Tiene techo  ecayoa, o  ervan  uo  badoa hidráuica originae y ago muebe on  principio  o año 40.Servicio y zona comeCapacidad para 4 perona: do en habitación dobe, y do en otra habitación, má peña y   (ia para niño).E apartamento ofrece a iguiente comodida y ervicio:• 2 , o   dobe y otro   a . Ia para famiia.• Saón  ofá y mea  ia para 4 perona.• Un etudio  ecritorio y ia.•  hay acenor• 1   ducha• Una cocina bien equipada (nevera, gador, cafetera)• TV LED  exión vía atéite• Internet WI-FI•  Secador  po•  Pancha y taba  panchar• Toaa y ropa   incuida.Otro apecto tacabeHUTB-005487Número  regitroHUTB005487", Roberto,"Aojamiento entero: apartamento en Barcona, Epaña",,-   - 15:00,12:00,,,0.0,384.0,2.0,3.0,1.0,4
http://www.airbnb.e/room/24343358?adut=1&chidren=0&enabe_m3_private_room=true&infant=0&pet=0&earch_mo=reguar_earch&check_in=2024-11-30&check_out=2024-12-05&ource_impreion_id=p3_1730223969_P3e8atwVSCwpEe2&previou_page_ection_name=1000&ferated_earch_id=fd8ae661-63da-416e-92bf-d6a2ad4170c6,2024-10-29 21:15:36,24343358,"Si buca a egancia eterna en  corazón  caco antiguo  Barcona, acaba  entrara. Eta egante habitación dobe  bacón e encuentra en  edificio mornita  finae  igo XIX. Etará muy cerca  mucha  a atraccione má popuare  Barcona, y  vecindario etá eno  bare  moda, retaurante tradicionae y tiendaE epacioLa habitación Dobe/Twin, totamente renovada en  Som Nit Triomf, e egancia obria en u máxima expreión. Un dieño minimaita  pare encaada y muebe  mediado  igo  cobran vida  o coorido azuejo  pio y a puerta  mara originae  ducen a  bacón   da a exterior. Exiten toda a intaacione  eperaría   hot morno: SmartTV, WiFi gratuito, aire adicionado/caefacción y caja fuerte en a habitación. E  incuye a ducha morna y artícuo  aeo gratuito. La habitacione diponen  1    o 2  , ujeto a diponibiidad. La habitacione diponen  bacón o terraza, ujeto a diponibiidad. Tamaño  a habitacione 12 m². A a egada, o huépe ben preentar  paaporte/documento  intidad váido emitido por  gobierno y a tarjeta  crédito/débito o póito en efectivo, como garantía, para cubrir poibe cargo adicionae. E impueto micipa (taa turítica) e paga a a egada. Lo huépe ben reaizar  regitro  entrada y recoger a ave en a recepción (4ª panta  mimo edificio don e encuentran a habitacione).Número  regitroHB-003657", Som Nit Triomf,"Habitación en hota en BARCELONA, Epaña",97 €,15:00 - 23:00,11:00,,,0.0,1202.0,1.0,0.0,1.0,2
http://www.airbnb.e/room/2373057?adut=1&chidren=0&enabe_m3_private_room=true&infant=0&pet=0&earch_mo=reguar_earch&check_in=2024-12-01&check_out=2024-12-06&ource_impreion_id=p3_1730223969_P3Yp3EMQzShpVKtk&previou_page_ection_name=1000&ferated_earch_id=fd8ae661-63da-416e-92bf-d6a2ad4170c6,2024-10-29 21:15:36,2373057,"HUTB008763 -Acogedor apartamento en peno centro  Barcona, comodíimo. Con pita  teni y baonceto. Dipone   dobe 1.60x2.00 y ofa  1.40x2.00. Tranquio, in ruido y en zona muy centrica y egura. Finca eñoria  ampio acenor.E epacioAcogedor apartamento en peno centro  Barcona, comodíimo. Dipone   dobe 1.60 y ofá  1.40. La cocina eta totamente equipada  frigorífico, paca  inducción, microonda, cafetera, totador  pan, etc. Cuarto    bañera. Tranquio, in ruido y en zona muy céntrica y egura. Finca eñoria  ampio acenor. Eta ubicado jto a Cae Urg y Avda. Roma, muy cerca  Etación  Sant, y Gran Vía y perfectamente comicado por tranporte púbico para viitar cuaquier pto  Barcona, tanto en Autobu como Metro inea 1 y 5. Rajate paeando por  Eixampe, te orprenrán a cada pao a edificacione mornita  tanto intifican a nuetra ciudad, y podrá mezcarte en a vida diaria  Barcona, virtiendo tu etancia en a agradabe experiencia.A ado  apartamento tiene todo tipo  comercio, bare, retaurante, upermercado, aquier  bici, aquier  moto, a excente tienda  pato precocinado o  Mercado  Ninot don  entrara todo tipo  producto freco.De  Aeropuerto, a exión e perfecta. Pue venir en tren hata Etacion  Sant, o en Aerobú  te ja en Gran Via -Urg, a 4 cae caminando hata  apartamento.Mi objetivo e  te ienta a guto en Barcona, y obre todo   apartamento ea para tí  rajante refugio.Otro apecto tacabeTaa turítica  Barcona no incuida en  precio. Se cobrará en  momento  hacer  check-in en  apartamento  5€ por perona y noche (máximo 7 noche, menore  17 año exento  pago)Número  regitroHUTB-008763", Ange,"Aojamiento entero: apartamento en Barcona, Epaña",100 €,-   - 16:00,11:00,60 €,,0.0,0.0,1.0,2.0,1.0,3
http://www.airbnb.e/room/1162260256190344733?adut=1&chidren=0&enabe_m3_private_room=true&infant=0&pet=0&earch_mo=reguar_earch&check_in=2024-12-10&check_out=2024-12-15&ource_impreion_id=p3_1730223969_P3ty87NSZ8eNSk6-&previou_page_ection_name=1000&ferated_earch_id=fd8ae661-63da-416e-92bf-d6a2ad4170c6,2024-10-29 21:15:36,1162260256190344733,Apartamento acogedor recién reformadoNúmero  regitroExempt, Lorenzo And  Critina,"Aojamiento entero: apartamento en Barcona, Epaña",99 €,15:00 - 1:00,11:00,35 €,,0.0,0.0,1.0,1.0,1.0,2
http://www.airbnb.e/room/1258528215038263464?adut=1&category_tag=Tag%3A8678&chidren=0&enabe_m3_private_room=true&infant=0&pet=0&photo_id=2004515009&earch_mo=reguar_earch&check_in=2024-11-05&check_out=2024-11-10&ource_impreion_id=p3_1730223969_P3VnB-uXGyQ3PSxp&previou_page_ection_name=1000&ferated_earch_id=fd8ae661-63da-416e-92bf-d6a2ad4170c6,2024-10-29 21:15:36,1258528215038263464,Ete anfitrión tiene 93 evauacione  otro . Échae  vitazo,Kritina,"Habitación en Barcona, Epaña",42 €,16:00 - 20:00,11:00,20 €,"Barcona, Cataya, Epaña",0.0,0.0,0.0,1.0,0.5,1
http://www.airbnb.e/room/53056356?adut=1&chidren=0&enabe_m3_private_room=true&infant=0&pet=0&earch_mo=reguar_earch&check_in=2024-12-08&check_out=2024-12-13&ource_impreion_id=p3_1730223969_P3B8wEuEhk79bDRO&previou_page_ection_name=1000&ferated_earch_id=fd8ae661-63da-416e-92bf-d6a2ad4170c6,2024-10-29 21:15:36,53056356,"Habitación dobe perfecta, ituada en  centro  Barcona. La habitación tiene   y bacón  vita a jardín interior.E epacioLo huépe cuentan  2  . La habitación tiene  , e proporcionan toaa y artícuo  aeo. E bacón tiene vita a patio interior. La habitación cuenta  Smart TV, nevera peña y caja  eguridad.Otro apecto tacabeLo huépe etán obigado a pagar  impueto micipa  5,50 euro por perona y noche a u egada.La tarifa  impieza etá incuida en  precio y e reaiza cada 2 día.Número  regitroHT-010075", Fontana,"Habitación en hot en Barcona, Epaña",82 €,,11:00,,,0.0,160.0,1.0,2.0,1.0,2
http://www.airbnb.e/room/961287943216806993?adut=1&chidren=0&enabe_m3_private_room=true&infant=0&pet=0&earch_mo=reguar_earch&check_in=2024-12-08&check_out=2024-12-13&ource_impreion_id=p3_1730223969_P36TDShZN7KHtASI&previou_page_ection_name=1000&ferated_earch_id=fd8ae661-63da-416e-92bf-d6a2ad4170c6,2024-10-29 21:15:36,961287943216806993,"Decubre nuetra habitación dobe en  corazón  embemático barrio  Eixampe  Barcona. Dieñada para mayor comodidad y veniencia, eta epacioa habitación cuenta  do  eparada, o  garantiza a privacidad  cada huéped. Lo ervicio morno incuyen TV intigente, mininevera y caja fuerte para proteger tu objeto  vaor. Déitate   ujo     equipado  acceorio  primera caidad. Nuetra ubicación priviegiada etá a oo 15 minuto a pie  a majetuoa Sagrada Famiia y a oo 5 minuto a pie  a Etación  rte.E epacioLa habitación tiene 3  ,  , TV intigente, mininevera y a caja fuerte. Se proporcionan a toaa y o aeo, aí como a ábana. La habitación tiene a ventana interior,  no e pue abrir.Servicio y zona comeLa recepción  hot etá abierta  07:00 a 23:00. Lo huépe podrán difrutar en nuetro vetíbuo. Para accer a a egda panta  hot tamo  acenor intaado.Otro apecto tacabeTodo o huépe etán obigado a pagar  impueto micipa  Barcona, también ocido como  impueto turítico  5,50 euro por perona y noche. Eto no etá incuido en  precio  hot y e cobrará por eparado a a egada.Número  regitroHB-000087", Green Houe,"Habitación en hot en Barcona, Epaña",74 €,-   - 15:00,11:00,,,0.0,201.0,1.0,2.0,0.0,2
http://www.airbnb.e/room/45558244?adut=1&chidren=0&enabe_m3_private_room=true&infant=0&pet=0&earch_mo=reguar_earch&check_in=2024-11-15&check_out=2024-11-20&ource_impreion_id=p3_1730223969_P3Z0PaMiaGPEGVM_&previou_page_ection_name=1000&ferated_earch_id=fd8ae661-63da-416e-92bf-d6a2ad4170c6,2024-10-29 21:15:36,45558244,"E epacio cuenta  do  dobe, aón-comedor, cocina totamente equipada,  y acceo a a terraza compartida en a azotea.Número  regitroHUTB-001305", Fernando,"Aojamiento entero: apartamento en Barcona, Epaña",97 €,-   - 15:00,11:00,125 €,"Barcona, Cataya, Epaña",0.0,146.0,2.0,3.0,1.0,4
http://www.airbnb.e/room/41822352?adut=1&category_tag=Tag%3A8678&chidren=0&enabe_m3_private_room=true&infant=0&pet=0&photo_id=1877977358&earch_mo=reguar_earch&check_in=2024-11-17&check_out=2024-11-22&ource_impreion_id=p3_1730223969_P33NPVe8nDGn5xe&previou_page_ection_name=1000&ferated_earch_id=fd8ae661-63da-416e-92bf-d6a2ad4170c6,2024-10-29 21:15:36,41822352,Habitación uminoa   matrimonia en a zona muy céntrica  Barcona. Cerca  Dowtown y  tempo  a Sagrada Famiia.Acceo a a cocina competa. compartido.Número  regitroExempt,Joe David,"Habitación en Barcona, Epaña",38 €,15:00 - 22:00,10:00,15 €,"Barcona, Cataya, Epaña",0.0,23.0,0.0,1.0,0.5,2
http://www.airbnb.e/room/1121943650344876902?adut=1&chidren=0&enabe_m3_private_room=true&infant=0&pet=0&earch_mo=reguar_earch&check_in=2024-11-17&check_out=2024-11-22&ource_impreion_id=p3_1730223969_P39Wgmjyrh-H0pfw&previou_page_ection_name=1000&ferated_earch_id=fd8ae661-63da-416e-92bf-d6a2ad4170c6,2024-10-29 21:15:36,1121943650344876902,"Decubre ete encantador ático  mara,  oai  tranquiidad en  centro  Barcona, ia para pareja  bucan a experiencia única y romántica.Por favor Le Ruego  entiendan y ean tenidamente  ancio, e a humi caita  mara para vivir a experiencia diferente in gran ujo, amá e  5 pio in acenor oo para o ma portita.E epacioLo  te encantará  ete epacio:Rájate en tu jacuzzi  tra  día exporando a ciudad.Difruta  cena a aire ibre  tu barbacoa excuiva en a terraza.Vita impreionante y uz natura  indan  epacio, creando  ambiente acogedor.Ubicado en  ático  tota privacidad, perfecto para ectar y difrutar  momento íntimo.Un dieño origina y cáido  acabado en mara, brindando  to único y acogedor.ta: A  edificio no cuenta  acenor, a ubida te recompena  a erenidad y a vita  ete epacio excepciona.Detae adicionae:Ia para ecapada romántica.A poca ditancia  o principae pto turítico y cuturae  Barcona.Un refugio  paz en  corazón  a ciudad, ia para quiene bucan  equiibrio entre comodidad y privacidad.Servicio y zona comeTodo o epacio, incuyendo  jacuzzi y a barbacoa, on  uo competamente , aegurando tota tranquiidad.Otro apecto tacabe ovi  eta e a caa  mara  todo u encanto y romanticimo... ¡pero también  aga pecuiarida!  te preocupe, no entra agua por  techo cuando ueve, no e ee tipo  caa  mara. Sin embargo, no ja  er a caita  mara,  u encanto.Número  regitroHUTB-289019", David Nicoa,"Minicaa en Barcona, Epaña",110 €,-   - 16:00,11:00,75 €,"Barcona, Cataya, Epaña",0.0,3.0,1.0,1.0,1.0,2
http://www.airbnb.e/room/1204516840130355594?adut=1&category_tag=Tag%3A8678&chidren=0&enabe_m3_private_room=true&infant=0&pet=0&photo_id=1956822303&earch_mo=reguar_earch&check_in=2024-11-08&check_out=2024-11-13&ource_impreion_id=p3_1730223969_P3Ai__GK-_k1xnwJ&previou_page_ection_name=1000&ferated_earch_id=fd8ae661-63da-416e-92bf-d6a2ad4170c6,2024-10-29 21:15:36,1204516840130355594,"Difruta  a enciez  ete  tranquio y céntrico.etamo ubicado en  corazon  barcona ,cerca  a agrada famiia ,cerca  metro y mucho comercio ,ven y difruta  tu vacacione  nootro ,nuetra habitacione on impia epacioa y ica para difrutar  tu etadia en a hermoa barcona ,te eperamo ,va a rer repetir, cerca  metro y parada  autobúNúmero  regitroExempt", Vivi,"Habitación en Barcona, Epaña",62 €,-   - 15:00,11:00,53 €,"Barcona, Cataya, Epaña",0.0,24.0,0.0,1.0,0.5,1
http://www.airbnb.e/room/2669219?adut=1&chidren=0&enabe_m3_private_room=true&infant=0&pet=0&earch_mo=reguar_earch&check_in=2024-11-03&check_out=2024-11-08&ource_impreion_id=p3_1730223969_P3r1WCCb5g0VwB7&previou_page_ection_name=1000&ferated_earch_id=fd8ae661-63da-416e-92bf-d6a2ad4170c6,2024-10-29 21:15:36,2669219,"L. HUTB008464. APARTAMENTO “EVANGELINA”Tiene  cómodo apartamento ituado en  centro  Barcona, en L'Eixampe. Situado a 5 minuto  a etación  metro Hopita Cinic. Frente a a entrada hay a parada  autobú.  A centro e pue tomar  metro o  autobú en 15-20 minuto o caminar en 30 minuto. Hay parking en  mimo edificio, oo tiene  bajar  acenor. MERCADONA etá en trucción. Hay  par infanti en  patio para niño.E epacioE apartamento etá dieñado para 4 aduto!!!E centro  a ciudad iempre e veniente. La ubicación  todo o principae atractivo  a ciudad y mucho café don pue comer icioa comida. A 15 minuto  apartamento, do parada  metro, e encuentra a etación  tren  Sant Etacio. Se pue egar a a paya en metro en 20 minuto. La caa don e encuentran o apartamento tiene  gran upermercado. Enfrente etá  edificio  a picina  Sant Jordi, don podrá nadar y hacer ejercicio. Cerca hay a etación  metro y a parada  autobú. Aparcamiento   gratuito, oo hay  bajar en acenor. Bacón  vita a patio. Hay a mea  ia para comer en  bacón. Hay  par infanti en  patio. La cocina etá equipada  todo o neceario: comedor, frigorífico, frigorífico, microonda, microonda, horno, etufa, etufa, avapato, hervidor éctrico, totadora, cafetera, uteniio  cocina. En  momento  a egada, ofrecemo cápua  café (KRUPS) y agua. : bidé, ecador  po, toaa y ropa   incuida, pancha, taba  panchar, avadora, taba  ecar, taba  ecar, taba  ecar, tv pantaa pana, tv pantaa pana, aire adicionado, caefacción. Proporcionamo pap higiénico, patia para a avadora y avavajia. Proporcionamo Internet  ata vocidad. E ervicio  impieza etá diponibe bajo petición  por  upemento.Servicio y zona comeL. HUTB008464 Bacón  vita a patio. Hay a mea  ia para comer en  bacón. Si viene  niño, pue bajar a par infanti. Cocina: comedor, nevera, microonda, microonda, horno, horno, etufa, etufa, avapato, avapato, hervidor  agua éctrico, totadora, máquina  café, uteniio  cocina. : bidé, ecador  po, toaa y ropa   etán incuido, pancha, taba  panchar, avadora, taba  ecado, TV  pantaa pana, aire adicionado, caefacción, internet  ata vocidad. Se proporciona aparcamiento gratuito.Otro apecto tacabeL. HUTB008464. E ervicio  impieza etá diponibe bajo petición por  cargo adiciona bajo petición. E regitro  entrada  22:00 a 24:00 e cobra a tarifa adiciona  30 euro. La epera  o huépe e paga en efectivo má  a hora en efectivo, 10 euro por cada hora, pué  tiempo etabecido. Hay a muta por a pérdida  ave y tro remoto: ave - 25 euro, aparcamiento remoto - 50 euro.  etá permitido jar a ave en a puerta  partamento por ntro. Si ja a ave, no pue abrir a puerta afuera. E trabajo  maetro para abrir a puerta e pagado por  huéped en a cantidad  150 euro - TENGA CUIDADO!!! E día  a egada, o huépe pagan  impueto turítico  5,50 euro por noche por perona en efectivo, pero no má  7 noche. Menore  16 año no pagan  impueto. Pero para o niño, o padre o o tutore ben renar a caración, proporcionar a copia  documento,  firme a edad  niño. E día  egada, o huépe ben proporcionar  paaporte o Carta  intidad ( para ciudadano  a UE), para otro ciudadano  paaporte para competar  cuetionario,  e proporciona a partamento principa  a Poicía  Barcona. Amá, e hace a copia  documento o foto en auencia  a impreora.Número  regitroHUTB-008464", Nataia,"Aojamiento entero: apartamento en Barcona, Epaña",,16:00 - 22:00,12:00,,,0.0,379.0,2.0,2.0,1.0,4
http://www.airbnb.e/room/1133641848064737781?adut=1&category_tag=Tag%3A8678&chidren=0&enabe_m3_private_room=true&infant=0&pet=0&photo_id=1904589442&earch_mo=reguar_earch&check_in=2024-11-12&check_out=2024-11-17&ource_impreion_id=p3_1730223986_P3pbyHgn5SFAq97G&previou_page_ection_name=1000&ferated_earch_id=85505093-3229-4398-9c1b-ce61f98ac58f,2024-10-29 21:15:36,1133641848064737781,"Difruta  a enciez  ete  muy tranquio y céntrico. La etacione  tranporte etán a poco minuto caminando: Metro Bvitge L1  te eva a centro  Barcona, o Arco  trifo..  Metro Can Trie L9S  te eva a Aereopuerto, tambien cuenta  Ferrocarrie, y Rodaie Renfe  te evan para Paeo  gracia, y a paya  a Barconeta.. o  viaje a Monerrat o a Park Gü y por útimo hay Autobue te jan en  Camp nou.E epacioE   uminoo y tranquio. La habitación agradabe, ia para  buen cano a egar   argo día exporando Barcona.. a habitación e freca y uminoa y cuenta   ecritorio.Servicio y zona come  e compartido  🚿🚽 Se podra utiizar  microonda  y tara    epacio en a nevera para u bocadio frio🥯❄️💯.  e pue cocinar y tampoco  uar a avadora.  e permiten viita.Durante tu etanciaEtaremo a pendiente para ayudaro  o  podamo 💜💯 .Otro apecto tacabetiene cerca   centro comercia a farga o  gran Vía 2 y mercado muy cercaNúmero  regitroExempt", Joeph,"Habitación en L'Hopitaet  Lobregat, Epaña",40 €,-   - 15:00,11:00,34 €,"L'Hopitaet  Lobregat, Cataya, Epaña",0.0,0.0,0.0,1.0,0.5,1
http://www.airbnb.e/room/928941163244537984?adut=1&category_tag=Tag%3A8678&chidren=0&enabe_m3_private_room=true&infant=0&pet=0&photo_id=1800346122&earch_mo=reguar_earch&check_in=2025-01-02&check_out=2025-01-07&ource_impreion_id=p3_1730223982_P3hK2HtLR2a9EVX&previou_page_ection_name=1000&ferated_earch_id=85505093-3229-4398-9c1b-ce61f98ac58f,2024-10-29 21:15:36,928941163244537984,"Si ere a perona tranquia y repetuoa  y etá bucando a habitación cómoda y uminoa cerca  a etación  tren y  aeropuerto. (Paza Epaña)Tengo a para ti.Aegúrate  no tener probema  o gato por tengo do, Minnie y Mickey. Pd: La cocina e para uo perona.E epacioMi pio e tranquio y impio  buen roo.Etá a oo 10 minuto a pie  a Paza Epaña, don pue entrar  todo, a 25 minuto  Aeropuerto, a 10 minuto a pie  a Etación  Sant.¡Epero  difrute  Barcona tanto como yo!E a ciudad encantadora y comopoita, don  cima e impemente increíbe a mayor parte  año. E perfecto para difrutar  a vida y hacer activida a aire ibre.Si tiene má pregta, no du en ponere en tacto migo.¡Habo ingé, portugué y epaño!Otro apecto tacabe1. Si neceita toda a comodida   hot, eta habitación no e para ti. 2. La cocina y  aón on para uo perona.Número  regitroExempt",Andrea,"Habitación en Barcona, Epaña",40 €,N-N,NaN,15 €,,0.0,0.0,0.0,1.0,0.5,1
http://www.airbnb.e/room/1234768194911591063?adut=1&category_tag=Tag%3A8678&chidren=0&enabe_m3_private_room=true&infant=0&pet=0&photo_id=1984699307&earch_mo=reguar_earch&check_in=2024-11-01&check_out=2024-11-06&ource_impreion_id=p3_1730223981_P3S52MU4SaFGHeUW&previou_page_ection_name=1000&ferated_earch_id=85505093-3229-4398-9c1b-ce61f98ac58f,2024-10-29 21:15:36,1234768194911591063,Hoa a toda a gran comidad  Airbnb. Etoy muy emocionada y entuiamada  pertenecer a eta gran famiia  anfitrione.,Bienvenida,"Habitación en Barcona, Epaña",56 €,15:00 - 21:00,12:00,30 €,"Barcona, Cataya, Epaña",0.0,0.0,0.0,1.0,0.5,2
http://www.airbnb.e/room/1199348204513945595?adut=1&category_tag=Tag%3A8678&chidren=0&enabe_m3_private_room=true&infant=0&pet=0&photo_id=1965851096&earch_mo=reguar_earch&check_in=2024-11-11&check_out=2024-11-16&ource_impreion_id=p3_1730223982_P3vPW3Z30nad1Sij&previou_page_ection_name=1000&ferated_earch_id=85505093-3229-4398-9c1b-ce61f98ac58f,2024-10-29 21:15:36,1199348204513945595,"Una acogedora habitación   dobe en  centro  Barcona. E apartamento cuenta   ampio bacón perfecto para rajare. Situado a oo 15 minuto tanto  aeropuerto como  centro  a ciudad, y a oo 3 minuto a pie  a parada  metro y autobú. E upermercado Mercadona etá venientemente abajo. !EL ANFITRIÓN VIVE ALLÍ, GARANTIZANDO UN ENTORNO SEGURO Y ACOGEDOR ¡Número  regitroExempt",Emmanua Agbebi,"Habitación en Barcona, Epaña",63 €,15:00 - 0:00,10:00,54 €,"Barcona, Cataya, Epaña",0.0,0.0,0.0,1.0,0.5,2
http://www.airbnb.e/room/1268819264675039720?adut=1&category_tag=Tag%3A8678&chidren=0&enabe_m3_private_room=true&infant=0&pet=0&photo_id=2012861080&earch_mo=reguar_earch&check_in=2024-12-09&check_out=2024-12-14&ource_impreion_id=p3_1730223982_P3_2dcf2DiI7Mto&previou_page_ection_name=1000&ferated_earch_id=85505093-3229-4398-9c1b-ce61f98ac58f,2024-10-29 21:15:36,1268819264675039720,Divertido.  ingenioo . ea. ocurrente . gracioo.  avece erio.,Fabio,"Habitación en L'Hopitaet  Lobregat, Epaña",55 €,14:00 - 21:00,11:00,80 €,"L'Hopitaet  Lobregat, Cataya, Epaña",0.0,0.0,3.0,4.0,0.0,4
http://www.airbnb.e/room/886034146180533677?adut=1&category_tag=Tag%3A8678&chidren=0&enabe_m3_private_room=true&infant=0&pet=0&photo_id=1645743993&earch_mo=reguar_earch&check_in=2024-11-01&check_out=2024-11-06&ource_impreion_id=p3_1730223982_P3P8yG5nn6Fex0S&previou_page_ection_name=1000&ferated_earch_id=85505093-3229-4398-9c1b-ce61f98ac58f,2024-10-29 21:15:36,886034146180533677,Rompe  tu día a día y rájate en ete oai  tranquiidad.E epacioIuminado  o tranquio y encioServicio y zona comeTodo o epacio  pio .Durante tu etanciaSoy extrovertido repetando u eo.Número  regitroExempt,Juan Caro,"Habitación en Barcona, Epaña",55 €,,11:00,47 €,,0.0,63.0,0.0,1.0,0.5,1
http://www.airbnb.e/room/1258050710501185022?adut=1&chidren=0&enabe_m3_private_room=true&infant=0&pet=0&earch_mo=reguar_earch&check_in=2024-11-23&check_out=2024-11-28&ource_impreion_id=p3_1730223982_P3UOJJEID4wX22OY&previou_page_ection_name=1000&ferated_earch_id=85505093-3229-4398-9c1b-ce61f98ac58f,2024-10-29 21:15:36,1258050710501185022,Ete anfitrión tiene 191 evauacione  otro . Échae  vitazo, Kiko,"Aojamiento entero: apartamento en Barcona, Epaña",75 €,15:00 - 20:00,11:00,80 €,"Barcona, Cataya, Epaña",0.0,0.0,3.0,3.0,1.0,6
http://www.airbnb.e/room/1197658127949521687?adut=1&chidren=0&enabe_m3_private_room=true&infant=0&pet=0&earch_mo=reguar_earch&check_in=2024-11-03&check_out=2024-11-08&ource_impreion_id=p3_1730223982_P3G6nH6J0JHmkqo&previou_page_ection_name=1000&ferated_earch_id=85505093-3229-4398-9c1b-ce61f98ac58f,2024-10-29 21:15:36,1197658127949521687,Ete anfitrión tiene 16 evauacione  otro . Échae  vitazo, Ahey,"Aojamiento entero: apartamento en Barcona, Epaña",110 €,14:00 - 23:00,10:00,94 €,"Barcona, Cataya, Epaña",0.0,0.0,2.0,3.0,1.0,4
http://www.airbnb.e/room/1260094358313659968?adut=1&chidren=0&enabe_m3_private_room=true&infant=0&pet=0&earch_mo=reguar_earch&check_in=2024-11-04&check_out=2024-11-09&ource_impreion_id=p3_1730223982_P3JkJzQavCcHkTWe&previou_page_ection_name=1000&ferated_earch_id=85505093-3229-4398-9c1b-ce61f98ac58f,2024-10-29 21:15:36,1260094358313659968,"Me encanta viajar, com y ocer ugare y perona. Soy muy trabajadora, tengo 3 hijo y a pear  er joven ya tengo 2 nieto.", Diana Maria,"Aojamiento entero: oft en Barcona, Epaña",73 €,15:00 - 22:00,11:00,28 €,"Barcona, Cataya, Epaña",0.0,0.0,1.0,2.0,1.0,3
http://www.airbnb.e/room/1247824320074399619?adut=1&category_tag=Tag%3A8678&chidren=0&enabe_m3_private_room=true&infant=0&pet=0&photo_id=1995473672&earch_mo=reguar_earch&check_in=2024-12-19&check_out=2024-12-24&ource_impreion_id=p3_1730223986_P3Xx4wHgtVvYbdX&previou_page_ection_name=1000&ferated_earch_id=85505093-3229-4398-9c1b-ce61f98ac58f,2024-10-29 21:15:36,1247824320074399619,"Difruta  a enciez  ete  tranquio y céntrico.E epacioOfrecemo eómica habitación     en  centro  a ciudad.- Situado entre Paza Epaña y  Paza Cataya y La Ramba.- Cerca  comercio, etación  metro, retaurante y upermercado. Tiene todo o  neceita para tu vacacione en Barcona.- La etación  metro má cercana e Paeig  Gracia.- La puerta  habitación e cierra  a ave.- WI-FI..Servicio y zona comeRopa   y toaa incuida en  precio.Servicio:- Aire adicionado tiene precio  10€/dia.- Servicio  avanría 10 euro por avado.- Servicio  igna  equipaje: 10 euro hata a 18:00, uego 5 euro por hora, pero no má  a 20:00 (oo  día  aida, previa oicitud).- Ca, 10 euro por día, ujeta a diponibiidad.- Limpieza durante a etancia: 10 euro por día (opciona).Cambio  ropa   y toaa:- para etancia  5 día,  tercer día  etancia;- para etancia uperiore a 5 día, cada 4 día  etancia;- cambio no programado  ropa   o toaa 10 euro.Por motivo  eguridad,  chat  Airbnb e  cana preferido para comicare  o huépe.Otro apecto tacabe:La cocina y 1  e comparten  otro huépe. La área come e impian diariamente.Eta e a caa famiiar, por o  pedimo a o huépe  mann bajo o nive  ruido pué  a 22:00 p.m. e permite a entrada a apartamento a huépe adicionae ( no hayan pagado u etancia) a meno  e acuer previamente.Número  regitroHUTB-001234", Kritina,"Habitación en Barcona, Epaña",28 €,16:00 - 20:00,11:00,24 €,"Barcona, Cataya, Epaña",0.0,0.0,0.0,1.0,0.5,1
http://www.airbnb.e/room/1238563255180763724?adut=1&category_tag=Tag%3A8678&chidren=0&enabe_m3_private_room=true&infant=0&pet=0&photo_id=1990447748&earch_mo=reguar_earch&check_in=2024-11-17&check_out=2024-11-22&ource_impreion_id=p3_1730223982_P3XN256XrAQ1kH&previou_page_ection_name=1000&ferated_earch_id=85505093-3229-4398-9c1b-ce61f98ac58f,2024-10-29 21:15:36,1238563255180763724,"Ia para ocer Barcona y u aredore, ante  metro inea 1, a 15 minuto  centro en tranporte pubico, a 20 minuto a pie  etadio  Barcona y combinacion perfecta a aeropuerto.E epacioHabitación inpendiente  reto  a caa  zona come y a com  a oa perona.Servicio y zona comeCocina,  y terrazaNúmero  regitroLLB-000780",Aejandro,"Habitación en L'Hopitaet  Lobregat, Epaña",57 €,16:00 - 21:00,12:00,49 €,"L'Hopitaet  Lobregat, Cataya, Epaña",0.0,0.0,0.0,1.0,0.0,2
http://www.airbnb.e/room/622091179379166142?adut=1&chidren=0&enabe_m3_private_room=true&infant=0&pet=0&earch_mo=reguar_earch&check_in=2024-11-30&check_out=2024-12-05&ource_impreion_id=p3_1730223982_P3dufOK9vn8aPGOG&previou_page_ection_name=1000&ferated_earch_id=85505093-3229-4398-9c1b-ce61f98ac58f,2024-10-29 21:15:36,622091179379166142,"Diviértete  toda a famiia en ete   etio. Do habitacione dobe,   do  . Do   y gran aón comedor. E apartamento dipone  a gran terraza  uo . Muy bien ectado y a ado  a fuente Mágica  Barcona.Taa turítica a parte  precio por noche. Se berá abonar en a entrada a apartamento.Número  regitroHUTB-013997", Vhan,"Aojamiento entero: apartamento en Barcona, Epaña",121 €,-   - 14:00,NaN,50 €,"Barcona, Cataya, Epaña",0.0,0.0,2.0,2.0,1.0,4
http://www.airbnb.e/room/1100488398083786257?adut=1&category_tag=Tag%3A8678&chidren=0&enabe_m3_private_room=true&infant=0&pet=0&photo_id=1933994847&earch_mo=reguar_earch&check_in=2024-11-06&check_out=2024-11-11&ource_impreion_id=p3_1730223982_P3rrRu2C9HGXFKRd&previou_page_ection_name=1000&ferated_earch_id=85505093-3229-4398-9c1b-ce61f98ac58f,2024-10-29 21:15:36,1100488398083786257,"¡Bienvenido a tu nuevo hogar ejo  caa! Eta acogedora, peña y encia habitación ofrece a experiencia tranquia y céntrica en a ciudad  Barcona. Con a cómoda  dúpex (nido), TV, WiFi y  compartido. Difruta   epacio impio y acogedor. ¡Haz  eta habitación tu refugio ia en a ciudad! P.D: Por favor eer bien a norma  ancio y o ervicio  e ofrecen. ¡¡Gracia!!E epacioSomo  pio famiiar y acogedor. En nuetro epacio cuenta  intaacione impia y cómoda para difrutar  a etancia agradabe. Mantenemo a vivencia tranquia y famiiar en todo momento. Agracemo eer atentamente o ervicio  pretamo y a rega  hogar ante  reaizar a reerva. Gracia!!Servicio y zona comeHabitación privada  TV, Wifi, ropa   y toaa impia. compartido  a famiia  a caa. Son o único ervicio  pretamo. La má etancia  a caa no etán diponibe. Son  uo   a famiia.Durante tu etanciaPuen tactar  nootro a travé  a apicación o en perona i etamo en caa.Otro apecto tacabeNuetra habitación e encia, impia y acogedora. Ia para   quieren canar pué  ocer a ciudad. E importante tener en cuenta a hora  iencio  00 a 07:00 am. Amá, a ducha no pue excer o 20 minuto por huéped, ya  en Barcona etamo en emergencia por equía.Pedimo a nuetro huépe apagar a uce cuando no e etén uando y cerrar a puerta  a caa a entrar y air. Mucha gracia 🙏Número  regitroExempt", Jeú,"Habitación en Barcona, Epaña",40 €,-   - 15:00,12:00,34 €,"Barcona, Cataya, Epaña",0.0,61.0,0.0,2.0,0.5,2
http://www.airbnb.e/room/1081156606865673757?adut=1&chidren=0&enabe_m3_private_room=true&infant=0&pet=0&earch_mo=reguar_earch&check_in=2024-11-09&check_out=2024-11-14&ource_impreion_id=p3_1730223986_P3JFYMZMTLL4Pb3f&previou_page_ection_name=1000&ferated_earch_id=85505093-3229-4398-9c1b-ce61f98ac58f,2024-10-29 21:15:36,1081156606865673757,"Apartamento ubicado a oo 5 minuto  a etación  metro  Cobanc, directamente ectado   aeropuerto y  centro  a ciudad( aeropuerto - 40 minuto, centro  a ciudad - 15 minuto )Tener:toaa, ábana, g  , uteniio  cocina.E apartamento etá ituado a niv  a cae.Apartamento .Importante:En ete apartamento etá aboutamente prohibido fumar cigarrio o Marihuana, o fumar en a puerta principa  apartamento.Sin duda, tendrá a etadía maravioa!!!Número  regitroExempt", Rey,"Aojamiento entero: apartamento en L'Hopitaet  Lobregat, Epaña",58 €,15:00 - 2:00,11:00,45 €,"L'Hopitaet  Lobregat, Cataya, Epaña",0.0,14.0,1.0,1.0,1.0,2
