urls,timestamp,record_id,Titles,Host_name,Property_types,Prices_per_night,Check_ins,Check_outs,Cleaning_fees,Location,Ratings,Num_reviews,Viajeros,Dormitorios,Camas,Baños,Maximum_guests,Otros
https://www.airbnb.es/rooms/961287943216806993?adults=1&children=0&enable_m3_private_room=true&infants=0&pets=0&search_mode=regular_search&check_in=2024-12-08&check_out=2024-12-13&source_impression_id=p3_1730223960_P3j5IocM6wftD1iU&previous_page_section_name=1000&federated_search_id=3cd7215a-e721-4878-b3f0-173adeec78c2,2024-10-29 21:15:36,961287943216806993,"Descubre nuestra habitación doble en el corazón del emblemático barrio del Eixample de Barcelona. Diseñada para mayor comodidad y conveniencia, esta espaciosa habitación cuenta con dos camas separadas, lo que garantiza la privacidad de cada huésped. Los servicios modernos incluyen TV inteligente, mininevera y caja fuerte para proteger tus objetos de valor. Deléitate con el lujo de un baño privado equipado con accesorios de primera calidad. Nuestra ubicación privilegiada está a solo 15 minutos a pie de la majestuosa Sagrada Familia y a solo 5 minutos a pie de la Estación del Norte.El espacioLa habitación tiene 3 camas individuales, baño privado, TV inteligente, mininevera y una caja fuerte. Se proporcionan las toallas y los aseos, así como las sábanas. La habitación tiene una ventana interior, que no se puede abrir.Servicios y zonas comunesLa recepción del hotel está abierta de 07:00 a 23:00. Los huéspedes podrán disfrutar en nuestro vestíbulo. Para acceder a la segunda planta del hotel contamos con ascensor instalado.Otros aspectos destacablesTodos los huéspedes están obligados a pagar el impuesto municipal de Barcelona, también conocido como el impuesto turístico de 5,50 euros por persona y noche. Esto no está incluido en el precio del hotel y se cobrará por separado a la llegada.Número de registroHB-000087",Anfitrión: Green House,"Habitación en hotel en Barcelona, España",74 €,Llegada a partir de las 15:00,Salida antes de las 11:00,,,"4,48",201,2 viajeros,1 dormitorio,2 camas,"1,5 baños",2,
https://www.airbnb.es/rooms/1260094358313659968?adults=1&children=0&enable_m3_private_room=true&infants=0&pets=0&search_mode=regular_search&check_in=2024-11-04&check_out=2024-11-09&source_impression_id=p3_1730223959_P3gvJHiBVFvF96WS&previous_page_section_name=1000&federated_search_id=3cd7215a-e721-4878-b3f0-173adeec78c2,2024-10-29 21:15:36,1260094358313659968,"Me encanta viajar, compartir y conocer lugares y personas. Soy muy trabajadora, tengo 3 hijos y a pesar de ser joven ya tengo 2 nietos.",Anfitrión: Diana Maria,"Alojamiento entero: loft en Barcelona, España",73 €,Horario de llegada: de 15:00 a 22:00,Salida antes de las 11:00,28 €,"Barcelona, Catalunya, España",Nuevo,,3 viajeros,1 dormitorio,2 camas,1 baño,3,
https://www.airbnb.es/rooms/1210295928648344258?adults=1&category_tag=Tag%3A8678&children=0&enable_m3_private_room=true&infants=0&pets=0&photo_id=1962958323&search_mode=regular_search&check_in=2024-11-04&check_out=2024-11-09&source_impression_id=p3_1730223960_P3u-AN5StVDQKlpG&previous_page_section_name=1000&federated_search_id=3cd7215a-e721-4878-b3f0-173adeec78c2,2024-10-29 21:15:36,1210295928648344258,"Cancelación gratuita antes del 3 nov. Si cancelas antes de la fecha de llegada (4 nov.), recibirás un reembolso parcial.",Anfitrión: Vero,"Habitación en Barcelona, España",36 €,Horario de llegada: de 15:00 a 20:00,Salida antes de las 12:00,31 €,"Barcelona, Catalunya, España",Nuevo,,,,1 cama,Baño compartido,1,
https://www.airbnb.es/rooms/1192692130835760091?adults=1&children=0&enable_m3_private_room=true&infants=0&pets=0&search_mode=regular_search&check_in=2024-11-21&check_out=2024-11-26&source_impression_id=p3_1730223960_P31HwkIughTuntRL&previous_page_section_name=1000&federated_search_id=3cd7215a-e721-4878-b3f0-173adeec78c2,2024-10-29 21:15:36,1192692130835760091,"Disfruta de la privacidad  de este alojamiento acogedor tranquilo y céntrico, en una ubicación espléndida, en el histórico barrio del Gótico, a poco minutos de la playa. Esta en un semisótano, el área es  de  23 m incluido el  baño.  Comodidades:  cafetera Nespresso, hervidor de agua, toallas y artículos de aseo.El espacioDe la entrada del edificio, entras a un vestíbulo y bajas 6 escalones, accedes a la propiedad, el Miniflat es un pequeño y acogedor espacio que  solo es para ti .Servicios y zonas comunesNo hay zonas comunes, es una habitación privada con salida a la calleNúmero de registroExempt",Anfitrión: Ele,"Habitación privada en: loft en Barcelona, España",58 €,Horario de llegada: de 14:00 a 21:00,Salida antes de las 12:00,20 €,"Barcelona, Catalunya, España","5,0",4,1 viajero,1 dormitorio,2 camas,1 baño privado,1,
https://www.airbnb.es/rooms/1202828460995202150?adults=1&children=0&enable_m3_private_room=true&infants=0&pets=0&search_mode=regular_search&check_in=2024-12-08&check_out=2024-12-13&source_impression_id=p3_1730223960_P3_65ATUq5P6DjUO&previous_page_section_name=1000&federated_search_id=3cd7215a-e721-4878-b3f0-173adeec78c2,2024-10-29 21:15:36,1202828460995202150,"Situado en pleno Barrio Gótico, en el corazón de Barcelona. Al lado del Mercado de Santa Caterina, la Catedral y el Born. A dos calles del Palau de la Música Catalana (una de las principales salas de conciertos del mundo) y muy cercano a Plaza Catalunya, a las zonas comerciales de Barcelona (Ramblas, Paseo de Gracia, Porta Ferrisa, Portal de l’Angel) y a dos pasos de la iglesia de Santa María del Mar. Lic. Prov. según sent. 129/2024 de 16/04/24 exp. Ajuntament 01-IU2019-2373> Piso 3º 1ªEl espacioApartamento exterior 54 m² en edificio rehabilitado en 2010 (completamente nuevo), con ascensor, en c/ Sant Pere Més Baix - Ciutat Vella. Totalmente amueblado: electrodomésticos (lavadora, nevera, horno, microondas, tostadora, hervidor eléctrico, secador de pelo, plancha), enseres cocina, vajilla y cubertería, ropa de hogar (mantas, toallas, sábanas). Consta de: • 1 dormitorio con cama de matrimonio de 150 cm. • 1 dormitorio con cama de matrimonio de 135 cm. • 1 baño con ducha • salón comedor con cocina americana • calefacción  • Ventiladores en las habitaciones. 01-IU2019-2375  - Licencia provisional  1_2019_0519213_1 / 18_9_2019 / Ajuntament de Barcelona de conformidad con la sentencia núm. 129/2024 de 16 de abril dictada por el Juzgado de lo Contencioso-Administrativo núm. 16 de Barcelona y de conformidad con la circular interpretativa de 12 de marzo de 2014 de la Generalitat de Catalunya (piso 3º-1ª)Número de registroHUTB-000000",Anfitrión: Cristian,"Alojamiento entero: apartamento en Barcelona, España",80 €,Llegada a partir de las 15:00,Salida antes de las 11:00,45 €,"Barcelona, Catalunya, España","4,75",4,4 viajeros,2 dormitorios,2 camas,1 baño,4,
https://www.airbnb.es/rooms/1167927143759339825?adults=1&category_tag=Tag%3A8678&children=0&enable_m3_private_room=true&infants=0&pets=0&photo_id=1918858382&search_mode=regular_search&check_in=2024-12-02&check_out=2024-12-07&source_impression_id=p3_1730223960_P3Fx7Vg3M1UlqXoU&previous_page_section_name=1000&federated_search_id=3cd7215a-e721-4878-b3f0-173adeec78c2,2024-10-29 21:15:36,1167927143759339825,"Cerca de la playa y en centro. La zona es muy turística y la localización perfecta para visitar la cuidad. Cerca de bus y metro. En la casa vive una gatita muy tranquila.El espacioNo se permite la entrada de gente, solo la persona que reserva.Servicios y zonas comunesMuy cerca de la playa a 2 minutos.Durante tu estanciaEs importante la persona que esté tranquila y no moleste a lo vecinosOtros aspectos destacablesEl uso de la lavadora tiene un coste de 6 los programas hasta 30 minutos y a 8 de más minutos. El uso de la lavadora solo se puede realizar en mi presencia y yo soy las que voy a poder en marcha. Pongo esta tarifa, porque en el pasado varias veces me he encontrado la lavadora rota.Número de registroHutb-252742",Quédate con Marina,"Habitación en Barcelona, España",40 €,Horario de llegada: de 20:00 a 1:00,Salida antes de las 11:00,5 €,"Barcelona, Catalunya, España","5,0",,,,1 cama,Baño compartido,1,
https://www.airbnb.es/rooms/1093382940108512105?adults=1&category_tag=Tag%3A8678&children=0&enable_m3_private_room=true&infants=0&pets=0&photo_id=1843038712&search_mode=regular_search&check_in=2025-01-06&check_out=2025-01-11&source_impression_id=p3_1730223960_P3ucoZL5a0N2Ntij&previous_page_section_name=1000&federated_search_id=3cd7215a-e721-4878-b3f0-173adeec78c2,2024-10-29 21:15:36,1093382940108512105,"En una de las calles principales de la zona, alrededor de tiendas, cafeterías, cerca de las estaciones de metro L3 - L4 y lugares turísticos como Pl. Catalunya, Catedral y a unas cuadras del mar. Esta increíble habitación (20 m2) y tiene un baño privado para compartir solo con el otro dormitorio, y todo lo que se puede ver en las fotos. El piso cuenta con salón y comedor, cocina, baño extra, trastero y espacios al aire libre, 120 m2 completamente amueblados con todo lo necesario, lo único que falta es tu equipaje y buen rolloNúmero de registroExempt",Quédate con Guido,"Habitación en Barcelona, España",59 €,Horario de llegada: de 13:00 a 15:00,Salida antes de las 10:00,50 €,"Barcelona, Catalunya, España","4,75",8,,,1 cama,Baño compartido,2,
https://www.airbnb.es/rooms/1263117591292794971?adults=1&children=0&enable_m3_private_room=true&infants=0&pets=0&search_mode=regular_search&check_in=2024-11-16&check_out=2024-11-21&source_impression_id=p3_1730223960_P3jY1Th4WebW-tjp&previous_page_section_name=1000&federated_search_id=3cd7215a-e721-4878-b3f0-173adeec78c2,2024-10-29 21:15:36,1263117591292794971,"La ubicación muy buena, cerca de todo si estás c autoNúmero de registroHUTB-009325",Anfitrión: Carmen,"Alojamiento entero: apartamento en Barcelona, España",130 €,Máximo 3 huéspedes,No consta que el alojamiento tenga un detector de monóxido de carbono,30 €,"Barcelona, Catalunya, España",Nuevo,,3 viajeros,1 dormitorio,1 cama,1 baño,3,
https://www.airbnb.es/rooms/1247824320074399619?adults=1&category_tag=Tag%3A8678&children=0&enable_m3_private_room=true&infants=0&pets=0&photo_id=1995473672&search_mode=regular_search&check_in=2024-12-19&check_out=2024-12-24&source_impression_id=p3_1730223960_P3UmOMM0RY9NFwlw&previous_page_section_name=1000&federated_search_id=3cd7215a-e721-4878-b3f0-173adeec78c2,2024-10-29 21:15:36,1247824320074399619,"Disfruta de la sencillez de este alojamiento tranquilo y céntrico.El espacioOfrecemos económica habitación con  cama individual en el centro de la ciudad.- Situado entre Plaza España y  Plaza Catalunya y Las Ramblas.- Cerca de comercios, estación de metro, restaurantes y supermercados. Tienes todo lo que necesitas para tus vacaciones en Barcelona.- La estación de metro más cercana es Passeig de Gracia.- La puerta de habitación se cierra con la llave.- WI-FI..Servicios y zonas comunesRopa de cama y toallas incluidas en el precio.Servicios:- Aire acondicionado tiene precio de 10€/dia.- Servicio de lavandería 10 euros por lavado.- Servicio de consigna de equipaje: 10 euros hasta las 18:00, luego 5 euros por hora, pero no más de las 20:00 (solo el día de salida, previa solicitud).- Cuna, 10 euros por día, sujeta a disponibilidad.- Limpieza durante la estancia: 10 euros por día (opcional).Cambio de ropa de cama y toallas:- para estancias de 5 días, el tercer día de estancia;- para estancias superiores a 5 días, cada 4 días de estancia;- cambio no programado de ropa de cama o toallas 10 euros.Por motivos de seguridad, el chat de Airbnb es el canal preferido para comunicarse con los huéspedes.Otros aspectos destacables:La cocina y 1 baño se comparten con otros huéspedes. Las áreas comunes se limpian diariamente.Esta es una casa familiar, por lo que pedimos a los huéspedes que mantengan bajos los niveles de ruido después de las 22:00 p.m.No se permite la entrada al apartamento a huéspedes adicionales (que no hayan pagado su estancia) a menos que se acuerde previamente.Número de registroHUTB-001234",Anfitrión: Kristina,"Habitación en Barcelona, España",28 €,Horario de llegada: de 16:00 a 20:00,Salida antes de las 11:00,24 €,"Barcelona, Catalunya, España",Nuevo,,,,1 cama,Baño compartido,1,
https://www.airbnb.es/rooms/52981104?adults=1&children=0&enable_m3_private_room=true&infants=0&pets=0&search_mode=regular_search&check_in=2024-11-01&check_out=2024-11-06&source_impression_id=p3_1730223960_P3JHqrH09UZzyGFp&previous_page_section_name=1000&federated_search_id=3cd7215a-e721-4878-b3f0-173adeec78c2,2024-10-29 21:15:36,52981104,"Habitación ideal para compartir historias y experiencias con capacidad para hasta 8 personas. Tiene 4 literas. Incluye un baño privado, dos lavabos, aire acondicionado, wifi gratuito, ropa de cama y un espacio individual para guardar su equipaje. Todas las camas tienen conexión USB para cargar sus dispositivos. Unite dispone de habitaciones con baño adaptado para minusválidos según disponibilidad.El establecimiento no acepta pagos en efectivo, solo se puede pagar con tarjeta de crédito.El espacioHostal situado en un entorno privilegiado, en un edificio remodelado de la Villa Olímpica, a pocos pasos de la playa. Ofrece amplias habitaciones todas con baño privado, aire acondicionado, WIFI y conexión USB en cada cama.Unite dispone de habitaciones privadas y compartidas, con más de 400m2 de espacios comunes con biblioteca, chill out, sala de TV, cocina, sala de creación de música electrónica, terraza con solárium y recepción 24h.Desayuno bufé por 8,50 € todos los días de 7:30 a 10:30 en nuestra sala de desayunos. Selección de pasteles, buenos zumos, cafés y tés de hierbas.También hay un espacio de coworking con ordenadores disponibles para los huéspedes. Todos los días se organizan actividades tanto dentro como fuera de Unite.Hay un bar/restaurante y aparcamiento (epark) en el edificio.El albergue se encuentra a 10 minutos en bicicleta de la Sagrada Familia y a 500 metros de la parada de metro de la línea 4 (amarilla) que enlaza con La Catedral, Passeig de Gràcia y Diagonal.Es el barrio de las start-ups y estudios de diseño más pioneros de la ciudad, playa Nova Icaria, Barceloneta, Born, Port Olimpic.Otros aspectos destacablesTenga en cuenta que este establecimiento no acepta pagos con American Express.Se requerirá una tarjeta de garantía en el momento del registro.Los huéspedes menores de 18 años necesitan el permiso de su tutor legal para alojarse en dormitorios compartidos.Un bebé no puede compartir un dormitorio.Las camas se asignarán el día de llegada de acuerdo con las preferencias del huésped dentro de nuestras posibilidades de acuerdo con la disponibilidad. Para asegurarse de que todos estén en la misma habitación, reserve una habitación privada.Las toallas están incluidas solo en las habitaciones privadas. Si ha reservado una cama en una habitación compartida, recuerde traerla con usted, de lo contrario, puede comprarla en la recepción por un costo adicional.UHB cuenta con una sala de visitas donde puede dejar su equipaje antes del check-in y después del check-out (servicio de pago). Cuando te alojes tienes un espacio reservado en tu habitación para tu equipaje, recuerda que puedes traer tu propio candado y si lo olvidas no te preocupes porque puedes comprar uno en Recepción (servicio de pago).Tenga en cuenta que estos servicios incluyen una tarifa adicional:Desayuno: 8,50 €Coste adicional de las toallas 5,00 €.Candado 6,00 €.Depósito de secador de pelo de 20,00 €. Estacionamiento no incluido en la tarifaTasa municipal NO incluida 4,68 € por persona/día de acuerdo con la Ley del Parlamento de Cataluña. A pagar directamente en el hostal. A partir del 10/01/24 costará 5,50 € por persona y por día.Número de registroAJ000697",Anfitrión: Unite Hostel,"Habitación en Barcelona, España",37 €,Llegada a partir de las 14:00,Salida antes de las 11:00,,,"4,47",2752,,,1 cama individual,Baño compartido,1,
https://www.airbnb.es/rooms/1197637831227097242?adults=1&children=0&enable_m3_private_room=true&infants=0&pets=0&search_mode=regular_search&check_in=2024-11-24&check_out=2024-11-29&source_impression_id=p3_1730223960_P3-U8Cx1AiRKb3EV&previous_page_section_name=1000&federated_search_id=3cd7215a-e721-4878-b3f0-173adeec78c2,2024-10-29 21:15:36,1197637831227097242,El espacioEl apartamento está así formado:⭑Servicios y zonas comunesLos huéspedes tendrán el entero apartamento a su completa disposición.Otros aspectos destacables✓ Aire acondicionado✓ Internet✓ Check-in/check-out autónomos✓ Sábanas y toallas ✓ 1 minuto de la Rambla✓ 7 minutos de la Catedral✓ 10 minutos de Plaça Catalunya y Passeig de Gràcia✓ 15 minutos de Playa de la BarcelonetaNúmero de registroHUTB-001628,Anfitrión: Raffaele,"Alojamiento entero: apartamento en Barcelona, España",,Llegada a partir de las 15:00,Salida antes de las 11:00,,"Barcelona, Catalunya, España","5,0",3,2 viajeros,1 dormitorio,1 cama,1 baño,2,
https://www.airbnb.es/rooms/1197658127949521687?adults=1&children=0&enable_m3_private_room=true&infants=0&pets=0&search_mode=regular_search&check_in=2024-11-03&check_out=2024-11-08&source_impression_id=p3_1730223960_P3_wXsWkv5JUlS-J&previous_page_section_name=1000&federated_search_id=3cd7215a-e721-4878-b3f0-173adeec78c2,2024-10-29 21:15:36,1197658127949521687,Este anfitrión tiene 16 evaluaciones de otros alojamientos. Échales un vistazo,Anfitrión: Ashley,"Alojamiento entero: apartamento en Barcelona, España",110 €,Horario de llegada: de 14:00 a 23:00,Salida antes de las 10:00,94 €,"Barcelona, Catalunya, España",Sin evaluaciones,,4 viajeros,2 dormitorios,3 camas,1 baño,4,
https://www.airbnb.es/rooms/12634537?adults=1&children=0&enable_m3_private_room=true&infants=0&pets=0&search_mode=regular_search&check_in=2024-12-01&check_out=2024-12-06&source_impression_id=p3_1730223960_P36Rlqb00fSRj1Zf&previous_page_section_name=1000&federated_search_id=3cd7215a-e721-4878-b3f0-173adeec78c2,2024-10-29 21:15:36,12634537,"Este apartamento se encuentra a pocos pasos del casco antiguo, a solo 5 minutos a pie de las famosas Ramblas y del puerto.  El apartamento en sí es muy tranquilo y silencioso, ya que da a la parte interior del edificio. Perfecto para volver a casa y relajarte. Idealmente para visitar las principales atracciones de la ciudad ya que el apartamento está bien comunicado con metro, taxis, autobuses.El espacioEL APARTAMENTO con licencia oficial: HUTB - 002580Amplio, soleado y cómodo, con espacios abiertos y una sala de estar luminosa. Situado en uno de los barrios de moda y locales de Barcelona, lleno de vida durante el día y la noche. Sin embargo, muy silencioso, ya que se encuentra en un quinto piso real y no tiene ninguna ventana a las calles. El departamento ha sido remodelado con muebles frescos en enero de 2023 Este apartamento es el lugar perfecto para relajarse después de una jornada activa visitando la ciudad, una terraza privada para relajarse.Si buscas acción, a solo unos pasos del edificio, te mezclarás con los lugareños y encontrarás la mejor comida y bebida a precios asequibles. (Pregúntame a dónde ir ;)) Puedes descubrir fácilmente la ciudad a pie desde esta ubicación céntrica. Si quieres ir a algún lugar más lejos hay un montón de taxis pasando por el apartamento y las estaciones de metro Parallel y Drassanes están a solo 5 minutos a pie de la casa.¿Buscas una vista linda de la ciudad? A menos de 10 minutos caminando, estarás en la cima de la montaña de Montjuic con atracciones y, lo más importante, ¡una vista completa de la ciudad!HABITACIONESEl apartamento está equipado con cuatro (4) habitaciones y dos (2) baños completos, lo que lo hace perfecto para parejas, familias o grupos. *HABITACIÓN 1: cama tamaño queen y baño privado completo. Cama de 160 cm.*HABITACIÓN 2: Cama tamaño queen. Cama de 160 cm.*HABITACIÓN 3: dos camas individuales (litera) Cada cama de 90 cm.*HABITACIÓN 4: cama doble - Cama de 140cm. Baño completo para las otras habitaciones.Todas las habitaciones disponen de su propio armario y aire acondicionado y calefacción. LA COCINACocina totalmente equipada.*Platos, cristalería y cubiertos.*Utensilios de cocina.*lavavajillas;*Horno y microondas*Tostadora*Hervidor de AguaSALA Y TERRAZA*Mesa para un máximo de 8 personas.* Internet inalámbrico (todas las zonas del apartamento)*Terraza con mesa comedor y zona de chill out.Servicios y zonas comunesDisfruta de todas las zonas del apartamento, tendrás acceso a:- Internet inalámbrico- Calefacción y aire acondicionado en todas las habitaciones. -Lavadora y secadora- Secador de pelo- Cocina totalmente equipada-Toallas y sábanas-Champú, gel de ducha y papel higiénico.El edificio cuenta con dos ascensores (el apartamento está ubicado en el 4to piso)Otros aspectos destacablesProhibido fumar (solo en la terraza) No se admiten mascotas. Si traes una, no dudes en ponerte en contacto conmigo con antelación. No se permiten fiestas ni eventos.Vecinos muy estrictos en cuanto a ruido y fiestasNúmero de registroHUTB-002580",Anfitrión: Valerie,"Alojamiento entero: vivienda en Barcelona, España",150 €,Llegada a partir de las 15:00,Salida antes de las 11:00,130 €,,"4,74",,8 viajeros,4 dormitorios,4 camas,2 baños,8,
https://www.airbnb.es/rooms/1121943650344876902?adults=1&children=0&enable_m3_private_room=true&infants=0&pets=0&search_mode=regular_search&check_in=2024-11-17&check_out=2024-11-22&source_impression_id=p3_1730223960_P3xdvjVcWXmqZKGH&previous_page_section_name=1000&federated_search_id=3cd7215a-e721-4878-b3f0-173adeec78c2,2024-10-29 21:15:36,1121943650344876902,"Descubre este encantador ático de madera, un oasis de tranquilidad en el centro de Barcelona, ideal para parejas que buscan una experiencia única y romántica.Por favor Les Ruego que entiendan y lean detenidamente el anuncio, es una humilde casita de madera para vivir una experiencia diferente sin grandes lujos, además es un 5 piso sin ascensor solo para los mas deportistas.El espacioLo que te encantará de este espacio:Relájate en tu jacuzzi privado tras un día explorando la ciudad.Disfruta de cenas al aire libre con tu barbacoa exclusiva en la terraza.Vistas impresionantes y luz natural que inundan el espacio, creando un ambiente acogedor.Ubicado en un ático con total privacidad, perfecto para desconectar y disfrutar de momentos íntimos.Un diseño original y cálido con acabados en madera, brindando un toque único y acogedor.Nota: Aunque el edificio no cuenta con ascensor, la subida te recompensa con la serenidad y las vistas de este espacio excepcional.Detalles adicionales:Ideal para escapadas románticas.A poca distancia de los principales puntos turísticos y culturales de Barcelona.Un refugio de paz en el corazón de la ciudad, ideal para quienes buscan un equilibrio entre comodidad y privacidad.Servicios y zonas comunesTodos los espacios, incluyendo el jacuzzi y la barbacoa, son de uso completamente privado, asegurando total tranquilidad.Otros aspectos destacablesNo olvides que esta es una casa de madera con todo su encanto y romanticismo... ¡pero también con algunas peculiaridades! No te preocupes, no entra agua por el techo cuando llueve, no es ese tipo de casa de madera. Sin embargo, no deja de ser una casita de madera, con sus encantos.Número de registroHUTB-289019",Anfitrión: David Nicolas,"Minicasa en Barcelona, España",110 €,Llegada a partir de las 16:00,Salida antes de las 11:00,75 €,"Barcelona, Catalunya, España","5,0",3,2 viajeros,1 dormitorio,1 cama,1 baño,2,
https://www.airbnb.es/rooms/1258050710501185022?adults=1&children=0&enable_m3_private_room=true&infants=0&pets=0&search_mode=regular_search&check_in=2024-11-23&check_out=2024-11-28&source_impression_id=p3_1730223960_P3wV7eyQ1ZnEaxay&previous_page_section_name=1000&federated_search_id=3cd7215a-e721-4878-b3f0-173adeec78c2,2024-10-29 21:15:36,1258050710501185022,Este anfitrión tiene 191 evaluaciones de otros alojamientos. Échales un vistazo,Anfitrión: Kiko,"Alojamiento entero: apartamento en Barcelona, España",75 €,Horario de llegada: de 15:00 a 20:00,Salida antes de las 11:00,80 €,"Barcelona, Catalunya, España",Nuevo,,6 viajeros,3 dormitorios,3 camas,1 baño,6,
https://www.airbnb.es/rooms/1162260256190344733?adults=1&children=0&enable_m3_private_room=true&infants=0&pets=0&search_mode=regular_search&check_in=2024-12-10&check_out=2024-12-15&source_impression_id=p3_1730223960_P3JBulP_GFnsNNfi&previous_page_section_name=1000&federated_search_id=3cd7215a-e721-4878-b3f0-173adeec78c2,2024-10-29 21:15:36,1162260256190344733,Apartamento acogedor recién reformadoNúmero de registroExempt,Anfitrión: Lorenzo And  Cristina,"Alojamiento entero: apartamento en Barcelona, España",99 €,Horario de llegada: de 15:00 a 1:00,Salida antes de las 11:00,35 €,,Nuevo,,2 viajeros,1 dormitorio,1 cama,1 baño,2,
https://www.airbnb.es/rooms/1239920055875442315?adults=1&category_tag=Tag%3A8678&children=0&enable_m3_private_room=true&infants=0&pets=0&photo_id=2016940308&search_mode=regular_search&check_in=2024-11-25&check_out=2024-11-30&source_impression_id=p3_1730223960_P3Idda_zVV0gVaZN&previous_page_section_name=1000&federated_search_id=3cd7215a-e721-4878-b3f0-173adeec78c2,2024-10-29 21:15:36,1239920055875442315,"Estamos alquilando una PEQUEÑA HABITACIÓN PRIVADA en Poble Sec, a poca distancia a pie de: Plaza España, Le Eixample, Plaza Cataluña, Avenida Paralelo, estación de metro, autobús y todo el transporte público.El espacioEstamos alquilando una PEQUEÑA HABITACIÓN PRIVADA (las llaves de la cerradura de la puerta de tu propia habitación para ti. Hay: toallas de uso gratuito, ropa de cama y conexión wifi gratuita). Compartiendo el apartamento y las áreas comunes; cocina, baño y tenemos una señora de la limpieza todos los días para las áreas comunes. -   El apartamento se comparte con huéspedes de Airbnb como tú.Servicios y zonas comunesCocina y bañoOtros aspectos destacablesLa entrada es después de las 15:00hrs. NO hay check-in después de las 24 horas/00 horas      - Tarifa extra de 20 euros por llegada después de las 20 horas.    La salida se realizará antes de las 11:00 a. m.                                                                                                                                                                                                                                                                                                                                                                                                                                                                                                                                                                                                                                                                    – salida después de la hora establecida sin permiso/sin aurthorized... recargo de 30 horas por cada hora  después de las 11: 00 horas.  --  Necesitamos ver  el nombre y el número de identificación o pasaporte de la persona que realiza el check-in.            -- para la limpieza, el saneamiento, la higina y los gustos personales: sin aceite para cocinar, sin sal, sin pimienta(no proporciono estos artículos) -- los huéspedes NO registrados deben ser aprobación previa....30 € cargo diario adicional por cada huésped NO registrado EN LA reserva ..TODAS LAS PERSONAS EN EL APARTAMENTO; DEBEN estar EN LA RESERVA.                                                                                                                                                                                                                                                                                                                                                                                                                                                                                                                                                                                                                                                                                                                                                                                                                                                                                                                                                                                                                                            - NO se admiten bicicletas, scooters -3 planta sin ascensor(sin ascensor)- todos los huéspedes deben ser mayores de 18 años.Tarifa de 60 euros con cargo adicional diario por cualquier mascota acompañante en el apartamento.                                                                                                                                                                                                                                                                                                                                                                                                                                                                                                                                                                                                                                                                                                                                                                                                                                                                                                                                                                                                                                                                                                                                                                                                                                                                                                                                                                                                                                                                                                                                                                                                                                                                                                                                                                                                                                                                                                                                                                                                                                                                                                                                                                                                                                                                                                                                                                                                                                                                                                                                                                                                                                                                                                                                                                                                                                                                                                                                                                                                                                                                                                                                                                                                                                                                                                                                                                                                                                                                                                                                                                                                                                                                                                                                                                                                                                                                                                                                                                                                                                                                                                                                                                                                                                                                                                                                                                                                                                                                                                                                                                                                                                                                                                                                                                                                                                                                                                                                                                                                                                                                                                                                                                                                                                                                                                                                                                                                                                                                                                                                                                                                                                                                                                                                                                                                                                                                                                                                                                                                                                                                                                                                                                                                                                                                                                                                                                                                                                                                                                                                                                                                                                                                                                                                                                                                                                                                                                                                                                                                                                                                                                                                                                                                                                                                                                                                                                                                                                                                                                                                                                                                                                                                                                                                                                                                                                                                                                                                                                                                                                                                                                                                                                                                                                                                                                                                                                                                                                                                                                                                                                                                                                                                                                                                                                                                                                                                                                                                                                                                                                                                                                                                                                                                                                                                                                                                                                                                                                                                                                                                                                                                                                                        -- Esperamos que nos ayudes a limpiar lo que ensucies. Esto incluye limpiar y guardar los platos y utensilios de cocina.  -Todos los daños a la propiedad deben ser reportados a nosotros...    --Nos se cobrarán 20 € por las sábanas o toallas manchadas. Las toallas son para uso solo dentro del apartamento.                                                                                                                                                                                                                                                                   -- Recoger lo que ensucies en zonas comunes es importante. -- tiempo de silencio después de las 22:00h o 22:00h, (NO música ni ruidos fuertes)...hacer fiestas durante este tiempo...la reserva la cancelará y tendrás que salir de la habitación o apartamento sin ningún reembolso. -- En caso de perder las llaves ... hay que pagar 70 €                                                     -- No se pueden usar fiestas, drogas ni alcohol dentro de las habitaciones ni del apartamento. - está prohibido fumar dentro de la habitación o apartamento..(debes tener que pagar 70 €.. limpieza especial) --El apartamento y las habitaciones están en buen estado...(luces, todos los muebles, electrodomésticos, cerraduras y llaves de las puertas) y cumplen con todos los requisitos de orden y limpieza para una convivencia detallada en los anuncios y especificaciones de la normativa de Airbnb. --Para garantizar la plena seguridad de las pertenencias de nuestros huéspedes, nos gusta mantener las puertas del apartamento cerradas como medida de precaución. Siendo Barcelona una de las zonas más seguras de España, queremos asegurarnos de que la estancia de cada huésped esté libre de problemas, y esto es solo una cosa pequeña y sencilla que podemos hacer para garantizarlo. CONFIRMANDO LA RESERVA ACEPTAS TODAS LAS REGLAS DE LA CASA (incumplir las reglas, la reserva se cancelará y tienes que salir de la habitación o apartamento sin ningún reembolso)......GRACIASNúmero de registroHUTB-102371",Quédate con Jesus Maximiliano,"Habitación en Barcelona, España",63 €,Horario de llegada: de 15:00 a 20:00,Salida antes de las 10:00,,"Barcelona, Catalunya, España",Nuevo,,,,1 cama de matrimonio,Baño compartido,2,
https://www.airbnb.es/rooms/545602057442226577?adults=1&category_tag=Tag%3A8678&children=0&enable_m3_private_room=true&infants=0&pets=0&photo_id=1559365984&search_mode=regular_search&check_in=2024-12-07&check_out=2024-12-12&source_impression_id=p3_1730223960_P38PJ9tJJ7dI4oEl&previous_page_section_name=1000&federated_search_id=3cd7215a-e721-4878-b3f0-173adeec78c2,2024-10-29 21:15:36,545602057442226577,"Acogedora habitación privada en el centro de Barcelona, barrio del Poble Sec a tres minutos a pié de la estación de metro Paral.el,Funicular de Montjuic y red de autobuses urbanos .Perfecta ubicación para ir hacia cualquier zona de Barcelona Zona de ocio con teatros,salas de fiesta,bingos,bares y restaurantes donde poder degustar tapas y platillos y disfrutar de un merecido relax.El espacioLa habitación se encuentra en un alojamiento privado Se trata de una estancia Acogedora con cerradura que se compone de una cama individual, armario para guardar la ropa, mesita de noche,mesa escritorio con todos los detalles para poder trabajar,estación de carga con entradas usb y enchufes,silla ergonómica y tv.Servicios y zonas comunesHabitación BañoLavaboDurante tu estanciaLos huéspedes se pueden poner en contacto conmigo a través de llamada,correo electrónico y smsOtros aspectos destacablesLa ubicación en la que se encuentra la vivienda nos permite poder visitar tanto la Ramblas,como el Puerto de Barcelona,el CC Maremágnum,La Fira de Plaza d'España y la montaña de Montjuic a tan sólo 10 minutos a pié. Cómo también se puede visitar la playa de la Barceloneta, el Barrio Gótico, Plaza de Catalunya... entre otros muchos lugares más.Número de registroExempt",Quédate con Magdalena,"Habitación en Barcelona, España",50 €,Horario de llegada: de 15:00 a 0:00,Salida antes de las 12:00,43 €,"Barcelona, Catalunya, España","4,91",,,,1 cama,Baño compartido,1,
https://www.airbnb.es/rooms/1218645303173234166?adults=1&category_tag=Tag%3A8678&children=0&enable_m3_private_room=true&infants=0&pets=0&photo_id=1971156620&search_mode=regular_search&check_in=2025-01-07&check_out=2025-01-12&source_impression_id=p3_1730223969_P3cCZuKKQgnLm32_&previous_page_section_name=1000&federated_search_id=fd8ae661-63da-416e-92bf-d6a2ad4170c6,2024-10-29 21:15:36,1218645303173234166,Disfruta de una habitación individual cerca a la sagrada familia (5 minutos caminando).En el alojamiento donde está la habitación es un espacio tranquilo e ideal para descansar.Número de registroExempt,Anfitrión: Gia,"Habitación en Barcelona, España",40 €,Llegada a partir de las 13:00,Salida antes de las 11:00,34 €,"Barcelona, Catalunya, España","4,93",,,,1 cama individual,Baño compartido,1,
https://www.airbnb.es/rooms/1197637831227097242?adults=1&children=0&enable_m3_private_room=true&infants=0&pets=0&search_mode=regular_search&check_in=2024-11-24&check_out=2024-11-29&source_impression_id=p3_1730223969_P3oUcqPxlrhaOiiO&previous_page_section_name=1000&federated_search_id=fd8ae661-63da-416e-92bf-d6a2ad4170c6,2024-10-29 21:15:36,1197637831227097242,El espacioEl apartamento está así formado:⭑Servicios y zonas comunesLos huéspedes tendrán el entero apartamento a su completa disposición.Otros aspectos destacables✓ Aire acondicionado✓ Internet✓ Check-in/check-out autónomos✓ Sábanas y toallas ✓ 1 minuto de la Rambla✓ 7 minutos de la Catedral✓ 10 minutos de Plaça Catalunya y Passeig de Gràcia✓ 15 minutos de Playa de la BarcelonetaNúmero de registroHUTB-001628,Anfitrión: Raffaele,"Alojamiento entero: apartamento en Barcelona, España",,Llegada a partir de las 15:00,Salida antes de las 11:00,,"Barcelona, Catalunya, España","5,0",3,2 viajeros,1 dormitorio,1 cama,1 baño,2,
https://www.airbnb.es/rooms/41616877?adults=1&category_tag=Tag%3A8678&children=0&enable_m3_private_room=true&infants=0&pets=0&photo_id=1877804377&search_mode=regular_search&check_in=2024-11-19&check_out=2024-11-24&source_impression_id=p3_1730223969_P3COFy_BHwnJYATQ&previous_page_section_name=1000&federated_search_id=fd8ae661-63da-416e-92bf-d6a2ad4170c6,2024-10-29 21:15:36,41616877,"Es toda una zona privada con una cama doble.También tienes un comedor luminoso y privado, con una gran ventana.Baño privado (fuera de la habitación).Acceso a una cocina completa.Número de registroExempt",Quédate con Jose David,"Habitación en Barcelona, España",40 €,Horario de llegada: de 15:00 a 22:00,Salida antes de las 10:00,15 €,"Barcelona, Catalunya, España","4,67",27,,,1 cama de matrimonio,Baño privado en el alojamiento,2,
https://www.airbnb.es/rooms/1202828460995202150?adults=1&children=0&enable_m3_private_room=true&infants=0&pets=0&search_mode=regular_search&check_in=2024-12-08&check_out=2024-12-13&source_impression_id=p3_1730223969_P3GIWKMe7ycl6gM9&previous_page_section_name=1000&federated_search_id=fd8ae661-63da-416e-92bf-d6a2ad4170c6,2024-10-29 21:15:36,1202828460995202150,"Situado en pleno Barrio Gótico, en el corazón de Barcelona. Al lado del Mercado de Santa Caterina, la Catedral y el Born. A dos calles del Palau de la Música Catalana (una de las principales salas de conciertos del mundo) y muy cercano a Plaza Catalunya, a las zonas comerciales de Barcelona (Ramblas, Paseo de Gracia, Porta Ferrisa, Portal de l’Angel) y a dos pasos de la iglesia de Santa María del Mar. Lic. Prov. según sent. 129/2024 de 16/04/24 exp. Ajuntament 01-IU2019-2373> Piso 3º 1ªEl espacioApartamento exterior 54 m² en edificio rehabilitado en 2010 (completamente nuevo), con ascensor, en c/ Sant Pere Més Baix - Ciutat Vella. Totalmente amueblado: electrodomésticos (lavadora, nevera, horno, microondas, tostadora, hervidor eléctrico, secador de pelo, plancha), enseres cocina, vajilla y cubertería, ropa de hogar (mantas, toallas, sábanas). Consta de: • 1 dormitorio con cama de matrimonio de 150 cm. • 1 dormitorio con cama de matrimonio de 135 cm. • 1 baño con ducha • salón comedor con cocina americana • calefacción  • Ventiladores en las habitaciones. 01-IU2019-2375  - Licencia provisional  1_2019_0519213_1 / 18_9_2019 / Ajuntament de Barcelona de conformidad con la sentencia núm. 129/2024 de 16 de abril dictada por el Juzgado de lo Contencioso-Administrativo núm. 16 de Barcelona y de conformidad con la circular interpretativa de 12 de marzo de 2014 de la Generalitat de Catalunya (piso 3º-1ª)Número de registroHUTB-000000",Anfitrión: Cristian,"Alojamiento entero: apartamento en Barcelona, España",80 €,Llegada a partir de las 15:00,Salida antes de las 11:00,45 €,"Barcelona, Catalunya, España","4,75",4,4 viajeros,2 dormitorios,2 camas,1 baño,4,
https://www.airbnb.es/rooms/1260094358313659968?adults=1&children=0&enable_m3_private_room=true&infants=0&pets=0&search_mode=regular_search&check_in=2024-11-04&check_out=2024-11-09&source_impression_id=p3_1730223969_P3ynUD6-xt3J0Q4U&previous_page_section_name=1000&federated_search_id=fd8ae661-63da-416e-92bf-d6a2ad4170c6,2024-10-29 21:15:36,1260094358313659968,"Me encanta viajar, compartir y conocer lugares y personas. Soy muy trabajadora, tengo 3 hijos y a pesar de ser joven ya tengo 2 nietos.",Anfitrión: Diana Maria,"Alojamiento entero: loft en Barcelona, España",73 €,Horario de llegada: de 15:00 a 22:00,Salida antes de las 11:00,28 €,"Barcelona, Catalunya, España",Nuevo,,3 viajeros,1 dormitorio,2 camas,1 baño,3,
https://www.airbnb.es/rooms/22991302?adults=1&children=0&enable_m3_private_room=true&infants=0&pets=0&search_mode=regular_search&check_in=2024-12-01&check_out=2024-12-06&source_impression_id=p3_1730223969_P3ZXTxpiC_MloNCt&previous_page_section_name=1000&federated_search_id=fd8ae661-63da-416e-92bf-d6a2ad4170c6,2024-10-29 21:15:36,22991302,"Ideal para familias o parejas. Apartamento de un dormitorio con capacidad máxima 4 personas, a minutos de Plaza Cataluña&Born. Ubicación ideal, minutos  de la Sagrada Familia. El apartamento dispone de 1 habitación (cama de matrimonio/o dos camas individuales) + sofá cama doble en salón, cocina y baño. Puedes caminar a los principales lugares turísticos. Museo Picasso, Arco de Triunfo, parque de la Ciutadella. Posibilidad de parking en el edificio y fácil check in con cerradura inteligenteEl espacioApartamento ideal de 1 dormitorio con capacidad para 2-4 personas, en el centro de la ciudad de Barcelona. El estudio tiene una cama doble o 2 individuales mas sofa cama en el comedor, cocina completamente equipado y baño. Está en una zona muy bonita, cerca de Born, puedes caminar a los principales lugares turísticos. El Museo Picasso, Arc de Triomf, el parque de la Ciutadella están muy cerca del apartamento. Camino fácil a la iglesia de La Sagrada Familia o al Port Olímpic (vida nocturna y buenos restaurantes de mariscos).Hay un estacionamiento en el edificio por un precio extra de 20 € / por noche. Dos paradas de metro muy cerca: línea roja L1 Arc de Triomf y línea púrpura L2 Tetuán. Al lado de varias paradas de autobús y la Gran Vía.Número de registroHUTB-001930",Anfitrión: Georgina,"Alojamiento entero: apartamento en Barcelona, España",108 €,Llegada a partir de las 15:00,Salida antes de las 11:00,25 €,"Barcelona, Catalunya, España","4,51",448,4 viajeros,1 dormitorio,3 camas,1 baño,4,
https://www.airbnb.es/rooms/979073?adults=1&children=0&enable_m3_private_room=true&infants=0&pets=0&search_mode=regular_search&check_in=2024-12-01&check_out=2024-12-06&source_impression_id=p3_1730223969_P3UDDz1tuBrEh2Yx&previous_page_section_name=1000&federated_search_id=fd8ae661-63da-416e-92bf-d6a2ad4170c6,2024-10-29 21:15:36,979073,"- Piso silencioso entre el barrio de Gracia y la Sagrada Familia.- Muy buena opción para familias: muchos supermercados en la zona, tiendas, parques infantiles públicos, mercado de alimentos frescos a pocos pasos...- ¡2 líneas de metro cerca del apartamento!- ¡Registro autónomo! ¡Puedes abrir la puerta con tu teléfono inteligente!- ¡Solo utilizamos electricidad procedente de fuentes de energía renovables!- Velocidad WiFi: ¡300 MB por segundo!- ¡Aire acondicionado!.Nº reg.: HUTB005487El espacioPiso en pleno centro de Barcelona, en el barrio de Gracia, recién reformado. A diez minutos andando de la Sagrada Familia y a 15 minutos andando del Paseo de Gracia, ambos están a 1 km de distancia.El departamento está en el segundo piso y tiene doble vista. En el solar exterior verás un pasillo muy tranquilo y silencioso. Por cierto, una calle tan silenciosa como esta es muy singular en Gracia, ¡pero es así! Y podrás experimentarlo. En el interior disfrutarás del patio privado, muy típico de la arquitectura barcelonesa.La casa fue construida a principios del SXX. Tiene techos de escayola, los dormitorios conservan el suelo con baldosas hidráulicas originales y algunos muebles son de principios de los años 40.Servicios y zonas comunesCapacidad para 4 personas: dos en habitación doble, y dos en otra habitación, más pequeña y con litera (ideal para niños).El apartamento ofrece las siguientes comodidades y servicios:• 2 dormitorios, uno con cama doble y otro  con una litera. Ideal para familias.• Salón con sofá y mesa con sillas para 4 personas.• Un estudio con escritorio y silla.• No hay ascensor• 1 baño con ducha• Una cocina bien equipada (nevera, congelador, cafetera)• TV LED con conexión vía satélite• Internet WI-FI•  Secador de pelo•  Plancha y tabla de planchar• Toallas y ropa de cama incluidas.Otros aspectos destacablesHUTB-005487Número de registroHUTB005487",Anfitrión: Roberto,"Alojamiento entero: apartamento en Barcelona, España",,Llegada a partir de las 15:00,Salida antes de las 12:00,,,"4,6",384,4 viajeros,2 dormitorios,3 camas,1 baño,4,
https://www.airbnb.es/rooms/24343358?adults=1&children=0&enable_m3_private_room=true&infants=0&pets=0&search_mode=regular_search&check_in=2024-11-30&check_out=2024-12-05&source_impression_id=p3_1730223969_P3e8atwVSCwplEe2&previous_page_section_name=1000&federated_search_id=fd8ae661-63da-416e-92bf-d6a2ad4170c6,2024-10-29 21:15:36,24343358,"Si buscas una elegancia eterna en el corazón del casco antiguo de Barcelona, acabas de encontrarla. Esta elegante habitación doble con balcón se encuentra en un edificio modernista de finales del siglo XIX. Estarás muy cerca de muchas de las atracciones más populares de Barcelona, y el vecindario está lleno de bares de moda, restaurantes tradicionales y tiendasEl espacioLa habitación Doble/Twin, totalmente renovada en el Som Nit Triomf, es elegancia sobria en su máxima expresión. Un diseño minimalista con paredes encaladas y muebles de mediados de siglo que cobran vida con los coloridos azulejos del piso y las puertas de madera originales que conducen a un balcón privado que da al exterior. Existen todas las instalaciones que esperarías de un hotel moderno: SmartTV, WiFi gratuito, aire acondicionado/calefacción y caja fuerte en la habitación. El baño incluye una ducha moderna y artículos de aseo gratuitos. Las habitaciones disponen de 1 cama de matrimonio o 2 camas individuales, sujetos a disponibilidad. Las habitaciones disponen de balcón o terraza, sujeto a disponibilidad. Tamaño de las habitaciones 12 m². A la llegada, los huéspedes deben presentar un pasaporte/documento de identidad válido emitido por el gobierno y una tarjeta de crédito/débito o depósito en efectivo, como garantía, para cubrir posibles cargos adicionales. El impuesto municipal (tasa turística) se paga a la llegada. Los huéspedes deben realizar el registro de entrada y recoger la llave en la recepción (4ª planta del mismo edificio donde se encuentran las habitaciones).Número de registroHB-003657",Anfitrión: Som Nit Triomf,"Habitación en hostal en BARCELONA, España",97 €,Horario de llegada: de 15:00 a 23:00,Salida antes de las 11:00,,,"4,49",1202,2 viajeros,1 dormitorio,,1 baño privado,2,
https://www.airbnb.es/rooms/2373057?adults=1&children=0&enable_m3_private_room=true&infants=0&pets=0&search_mode=regular_search&check_in=2024-12-01&check_out=2024-12-06&source_impression_id=p3_1730223969_P3Yp3EMQzShpVKtk&previous_page_section_name=1000&federated_search_id=fd8ae661-63da-416e-92bf-d6a2ad4170c6,2024-10-29 21:15:36,2373057,"HUTB008763 -Acogedor apartamento en pleno centro de Barcelona, comodísimo. Con pistas de tenis y baloncesto. Dispone de cama doble 1.60x2.00 y sofa cama 1.40x2.00. Tranquilo, sin ruidos y en zona muy centrica y segura. Finca señorial con amplio ascensor.El espacioAcogedor apartamento en pleno centro de Barcelona, comodísimo. Dispone de cama doble 1.60 y sofá cama 1.40. La cocina esta totalmente equipada con frigorífico, placa de inducción, microondas, cafetera, tostador de pan, etc. Cuarto de baño con bañera. Tranquilo, sin ruidos y en zona muy céntrica y segura. Finca señorial con amplio ascensor. Esta ubicado junto a Calle Urgell y Avda. Roma, muy cerca de Estación de Sants, y Gran Vía y perfectamente comunicado por transporte público para visitar cualquier punto de Barcelona, tanto en Autobus como Metro lineas 1 y 5. Relajate paseando por el Eixample, te sorprenderán a cada paso las edificaciones modernistas que tanto identifican a nuestra ciudad, y podrás mezclarte en la vida diaria de Barcelona, convirtiendo tu estancia en una agradable experiencia.Al lado del apartamento tienes todo tipo de comercio, bares, restaurantes, supermercado, alquiler de bicis, alquiler de motos, una excelente tienda de platos precocinados o el Mercado del Ninot donde  encontraras todo tipo de productos frescos.Desde el Aeropuerto, la conexión es perfecta. Puedes venir en tren hasta Estacion de Sants, o en Aerobús que te deja en Gran Via -Urgell, a 4 calles caminando hasta el apartamento.Mi objetivo es que te sientas a gusto en Barcelona, y sobre todo que el apartamento sea para tí un relajante refugio.Otros aspectos destacablesTasa turística de Barcelona no incluida en el precio. Se cobrará en el momento de hacer el check-in en el apartamento  5€ por persona y noche (máximo 7 noches, menores de 17 años exentos de pago)Número de registroHUTB-008763",Anfitrión: Angeles,"Alojamiento entero: apartamento en Barcelona, España",100 €,Llegada a partir de las 16:00,Salida antes de las 11:00,60 €,,"4,91",,3 viajeros,1 dormitorio,2 camas,1 baño,3,
https://www.airbnb.es/rooms/1162260256190344733?adults=1&children=0&enable_m3_private_room=true&infants=0&pets=0&search_mode=regular_search&check_in=2024-12-10&check_out=2024-12-15&source_impression_id=p3_1730223969_P3ty87NSZ8eNSk6-&previous_page_section_name=1000&federated_search_id=fd8ae661-63da-416e-92bf-d6a2ad4170c6,2024-10-29 21:15:36,1162260256190344733,Apartamento acogedor recién reformadoNúmero de registroExempt,Anfitrión: Lorenzo And  Cristina,"Alojamiento entero: apartamento en Barcelona, España",99 €,Horario de llegada: de 15:00 a 1:00,Salida antes de las 11:00,35 €,,Nuevo,,2 viajeros,1 dormitorio,1 cama,1 baño,2,
https://www.airbnb.es/rooms/1258528215038263464?adults=1&category_tag=Tag%3A8678&children=0&enable_m3_private_room=true&infants=0&pets=0&photo_id=2004515009&search_mode=regular_search&check_in=2024-11-05&check_out=2024-11-10&source_impression_id=p3_1730223969_P3VnB-uXGyQ3PSxp&previous_page_section_name=1000&federated_search_id=fd8ae661-63da-416e-92bf-d6a2ad4170c6,2024-10-29 21:15:36,1258528215038263464,Este anfitrión tiene 93 evaluaciones de otros alojamientos. Échales un vistazo,Quédate con Kristina,"Habitación en Barcelona, España",42 €,Horario de llegada: de 16:00 a 20:00,Salida antes de las 11:00,20 €,"Barcelona, Catalunya, España",Nuevo,,,,1 cama,Baño compartido,1,
https://www.airbnb.es/rooms/53056356?adults=1&children=0&enable_m3_private_room=true&infants=0&pets=0&search_mode=regular_search&check_in=2024-12-08&check_out=2024-12-13&source_impression_id=p3_1730223969_P3B8wEuEhk79bDRO&previous_page_section_name=1000&federated_search_id=fd8ae661-63da-416e-92bf-d6a2ad4170c6,2024-10-29 21:15:36,53056356,"Habitación doble perfecta, situada en el centro de Barcelona. La habitación tiene baño privado y balcón con vistas al jardín interior.El espacioLos huéspedes cuentan con 2 camas individuales. La habitación tiene baño privado, se proporcionan toallas y artículos de aseo. El balcón tiene vistas al patio interior. La habitación cuenta con Smart TV, nevera pequeña y caja de seguridad.Otros aspectos destacablesLos huéspedes están obligados a pagar el impuesto municipal de 5,50 euros por persona y noches a su llegada.La tarifa de limpieza está incluida en el precio y se realiza cada 2 días.Número de registroHT-010075",Anfitrión: Fontanella,"Habitación en hotel en Barcelona, España",82 €,Llegada flexible,Salida antes de las 11:00,,,"4,69",160,2 viajeros,1 dormitorio,2 camas,1 baño privado,2,
https://www.airbnb.es/rooms/961287943216806993?adults=1&children=0&enable_m3_private_room=true&infants=0&pets=0&search_mode=regular_search&check_in=2024-12-08&check_out=2024-12-13&source_impression_id=p3_1730223969_P36TDShZN7KHtASI&previous_page_section_name=1000&federated_search_id=fd8ae661-63da-416e-92bf-d6a2ad4170c6,2024-10-29 21:15:36,961287943216806993,"Descubre nuestra habitación doble en el corazón del emblemático barrio del Eixample de Barcelona. Diseñada para mayor comodidad y conveniencia, esta espaciosa habitación cuenta con dos camas separadas, lo que garantiza la privacidad de cada huésped. Los servicios modernos incluyen TV inteligente, mininevera y caja fuerte para proteger tus objetos de valor. Deléitate con el lujo de un baño privado equipado con accesorios de primera calidad. Nuestra ubicación privilegiada está a solo 15 minutos a pie de la majestuosa Sagrada Familia y a solo 5 minutos a pie de la Estación del Norte.El espacioLa habitación tiene 3 camas individuales, baño privado, TV inteligente, mininevera y una caja fuerte. Se proporcionan las toallas y los aseos, así como las sábanas. La habitación tiene una ventana interior, que no se puede abrir.Servicios y zonas comunesLa recepción del hotel está abierta de 07:00 a 23:00. Los huéspedes podrán disfrutar en nuestro vestíbulo. Para acceder a la segunda planta del hotel contamos con ascensor instalado.Otros aspectos destacablesTodos los huéspedes están obligados a pagar el impuesto municipal de Barcelona, también conocido como el impuesto turístico de 5,50 euros por persona y noche. Esto no está incluido en el precio del hotel y se cobrará por separado a la llegada.Número de registroHB-000087",Anfitrión: Green House,"Habitación en hotel en Barcelona, España",74 €,Llegada a partir de las 15:00,Salida antes de las 11:00,,,"4,48",201,2 viajeros,1 dormitorio,2 camas,"1,5 baños",2,
https://www.airbnb.es/rooms/45558244?adults=1&children=0&enable_m3_private_room=true&infants=0&pets=0&search_mode=regular_search&check_in=2024-11-15&check_out=2024-11-20&source_impression_id=p3_1730223969_P3Z0PaMiaGPEGVM_&previous_page_section_name=1000&federated_search_id=fd8ae661-63da-416e-92bf-d6a2ad4170c6,2024-10-29 21:15:36,45558244,"El espacio cuenta con dos dormitorios dobles, salón-comedor, cocina totalmente equipada, baño y acceso a la terraza compartida en la azotea.Número de registroHUTB-001305",Anfitrión: Fernando,"Alojamiento entero: apartamento en Barcelona, España",97 €,Llegada a partir de las 15:00,Salida antes de las 11:00,125 €,"Barcelona, Catalunya, España","4,66",146,4 viajeros,2 dormitorios,3 camas,1 baño,4,
https://www.airbnb.es/rooms/41822352?adults=1&category_tag=Tag%3A8678&children=0&enable_m3_private_room=true&infants=0&pets=0&photo_id=1877977358&search_mode=regular_search&check_in=2024-11-17&check_out=2024-11-22&source_impression_id=p3_1730223969_P33NPVe8nDGn5xse&previous_page_section_name=1000&federated_search_id=fd8ae661-63da-416e-92bf-d6a2ad4170c6,2024-10-29 21:15:36,41822352,Habitación luminosa con cama matrimonial en una zona muy céntrica de Barcelona. Cerca de Dowtown y del templo de la Sagrada Familia.Acceso a una cocina completa.Baño compartido.Número de registroExempt,Quédate con Jose David,"Habitación en Barcelona, España",38 €,Horario de llegada: de 15:00 a 22:00,Salida antes de las 10:00,15 €,"Barcelona, Catalunya, España","4,91",23,,,1 cama de matrimonio,Baño compartido,2,
https://www.airbnb.es/rooms/1121943650344876902?adults=1&children=0&enable_m3_private_room=true&infants=0&pets=0&search_mode=regular_search&check_in=2024-11-17&check_out=2024-11-22&source_impression_id=p3_1730223969_P39Wgmjyrh-H0pfw&previous_page_section_name=1000&federated_search_id=fd8ae661-63da-416e-92bf-d6a2ad4170c6,2024-10-29 21:15:36,1121943650344876902,"Descubre este encantador ático de madera, un oasis de tranquilidad en el centro de Barcelona, ideal para parejas que buscan una experiencia única y romántica.Por favor Les Ruego que entiendan y lean detenidamente el anuncio, es una humilde casita de madera para vivir una experiencia diferente sin grandes lujos, además es un 5 piso sin ascensor solo para los mas deportistas.El espacioLo que te encantará de este espacio:Relájate en tu jacuzzi privado tras un día explorando la ciudad.Disfruta de cenas al aire libre con tu barbacoa exclusiva en la terraza.Vistas impresionantes y luz natural que inundan el espacio, creando un ambiente acogedor.Ubicado en un ático con total privacidad, perfecto para desconectar y disfrutar de momentos íntimos.Un diseño original y cálido con acabados en madera, brindando un toque único y acogedor.Nota: Aunque el edificio no cuenta con ascensor, la subida te recompensa con la serenidad y las vistas de este espacio excepcional.Detalles adicionales:Ideal para escapadas románticas.A poca distancia de los principales puntos turísticos y culturales de Barcelona.Un refugio de paz en el corazón de la ciudad, ideal para quienes buscan un equilibrio entre comodidad y privacidad.Servicios y zonas comunesTodos los espacios, incluyendo el jacuzzi y la barbacoa, son de uso completamente privado, asegurando total tranquilidad.Otros aspectos destacablesNo olvides que esta es una casa de madera con todo su encanto y romanticismo... ¡pero también con algunas peculiaridades! No te preocupes, no entra agua por el techo cuando llueve, no es ese tipo de casa de madera. Sin embargo, no deja de ser una casita de madera, con sus encantos.Número de registroHUTB-289019",Anfitrión: David Nicolas,"Minicasa en Barcelona, España",110 €,Llegada a partir de las 16:00,Salida antes de las 11:00,75 €,"Barcelona, Catalunya, España","5,0",3,2 viajeros,1 dormitorio,1 cama,1 baño,2,
https://www.airbnb.es/rooms/1204516840130355594?adults=1&category_tag=Tag%3A8678&children=0&enable_m3_private_room=true&infants=0&pets=0&photo_id=1956822303&search_mode=regular_search&check_in=2024-11-08&check_out=2024-11-13&source_impression_id=p3_1730223969_P3Ai__GK-_k1xnwJ&previous_page_section_name=1000&federated_search_id=fd8ae661-63da-416e-92bf-d6a2ad4170c6,2024-10-29 21:15:36,1204516840130355594,"Disfruta de la sencillez de este alojamiento tranquilo y céntrico.estamos ubicados en el corazon de barcelona ,cerca de la sagrada familia ,cerca del metro y mucho comercio ,ven y disfruta de tus vacaciones con nosotros ,nuestras habitaciones son limpias espaciosas y unicas para disfrutar de tu estadia en la hermosa barcelona ,te esperamos ,vas a querer repetir, cerca del metro y parada de autobúsNúmero de registroExempt",Anfitrión: Vivi,"Habitación en Barcelona, España",62 €,Llegada a partir de las 15:00,Salida antes de las 11:00,53 €,"Barcelona, Catalunya, España","4,54",24,,,1 cama,Baño compartido,1,
https://www.airbnb.es/rooms/2669219?adults=1&children=0&enable_m3_private_room=true&infants=0&pets=0&search_mode=regular_search&check_in=2024-11-03&check_out=2024-11-08&source_impression_id=p3_1730223969_P3r1WCCb5g0VwB7s&previous_page_section_name=1000&federated_search_id=fd8ae661-63da-416e-92bf-d6a2ad4170c6,2024-10-29 21:15:36,2669219,"L. HUTB008464. APARTAMENTO “EVANGELINA”Tiene un cómodo apartamento situado en el centro de Barcelona, en L'Eixample. Situado a 5 minutos de la estación de metro Hospital Clinic. Frente a la entrada hay una parada de autobús.  Al centro se puede tomar el metro o el autobús en 15-20 minutos o caminar en 30 minutos. Hay parking en el mismo edificio, solo tienes que bajar el ascensor. MERCADONA está en construcción. Hay un parque infantil en el patio para niños.El espacioEl apartamento está diseñado para 4 adultos!!!El centro de la ciudad siempre es conveniente. La ubicación de todos los principales atractivos de la ciudad y muchos cafés donde puedes comer deliciosas comidas. A 15 minutos del apartamento, dos paradas de metro, se encuentra la estación de tren de Sants Estacio. Se puede llegar a la playa en metro en 20 minutos. La casa donde se encuentran los apartamentos tiene un gran supermercado. Enfrente está el edificio de la piscina de Sant Jordi, donde podrás nadar y hacer ejercicio. Cerca hay una estación de metro y una parada de autobús. Aparcamiento privado  gratuito, solo hay que bajar en ascensor. Balcón con vista al patio. Hay una mesa con sillas para comer en el balcón. Hay un parque infantil en el patio. La cocina está equipada con todo lo necesario: comedor, frigorífico, frigorífico, microondas, microondas, horno, estufa, estufa, lavaplatos, hervidor eléctrico, tostadora, cafetera, utensilios de cocina. En el momento de la llegada, ofrecemos cápsulas de café (KRUPS) y agua. Baño: bidé, secador de pelo, toallas y ropa de cama incluida, plancha, tabla de planchar, lavadora, tabla de secar, tabla de secar, tabla de secar, tv pantalla plana, tv pantalla plana, aire acondicionado, calefacción. Proporcionamos papel higiénico, pastillas para la lavadora y lavavajillas. Proporcionamos Internet de alta velocidad. El servicio de limpieza está disponible bajo petición  por un suplemento.Servicios y zonas comunesL. HUTB008464 Balcón con vista al patio. Hay una mesa con sillas para comer en el balcón. Si vienes con niños, puedes bajar al parque infantil. Cocina: comedor, nevera, microondas, microondas, horno, horno, estufa, estufa, lavaplatos, lavaplatos, hervidor de agua eléctrico, tostadora, máquina de café, utensilios de cocina. Baño: bidé, secador de pelo, toallas y ropa de cama están incluidos, plancha, tabla de planchar, lavadora, tabla de secado, TV de pantalla plana, aire acondicionado, calefacción, internet de alta velocidad. Se proporciona aparcamiento gratuito.Otros aspectos destacablesL. HUTB008464. El servicio de limpieza está disponible bajo petición por un cargo adicional bajo petición. El registro de entrada de 22:00 a 24:00 se cobra una tarifa adicional de 30 euros. La espera de los huéspedes se paga en efectivo más de una hora en efectivo, 10 euros por cada hora, después del tiempo establecido. Hay una multa por la pérdida de llaves y control remoto: llave - 25 euros, aparcamiento remoto - 50 euros. No está permitido dejar la llave en la puerta del departamento por dentro. Si dejas la llave, no puedes abrir la puerta afuera. El trabajo del maestro para abrir la puerta es pagado por el huésped en la cantidad de 150 euros - TENGA CUIDADO!!! El día de la llegada, los huéspedes pagan un impuesto turístico de 5,50 euros por noche por persona en efectivo, pero no más de 7 noches. Menores de 16 años no pagan el impuesto. Pero para los niños, los padres o los tutores deben rellenar una declaración, proporcionar una copia del documento, que confirme la edad del niño. El día de llegada, los huéspedes deben proporcionar un pasaporte o Carta de identidad ( para ciudadanos de la UE), para otros ciudadanos un pasaporte para completar un cuestionario, que se proporciona al departamento principal de la Policía de Barcelona. Además, se hace una copia del documento o foto en ausencia de una impresora.Número de registroHUTB-008464",Anfitrión: Natalia,"Alojamiento entero: apartamento en Barcelona, España",,Horario de llegada: de 16:00 a 22:00,Salida antes de las 12:00,,,"4,83",379,4 viajeros,2 dormitorios,2 camas,1 baño,4,
https://www.airbnb.es/rooms/1133641848064737781?adults=1&category_tag=Tag%3A8678&children=0&enable_m3_private_room=true&infants=0&pets=0&photo_id=1904589442&search_mode=regular_search&check_in=2024-11-12&check_out=2024-11-17&source_impression_id=p3_1730223986_P3pbyHgn5SFAq97G&previous_page_section_name=1000&federated_search_id=85505093-3229-4398-9c1b-ce61f98ac58f,2024-10-29 21:15:36,1133641848064737781,"Disfruta de la sencillez de este alojamiento muy tranquilo y céntrico. Las estaciones de transporte están a poco minutos caminando: Metro Bellvitge L1  te lleva al centro de Barcelona, o Arco del triunfo.. el Metro Can Tries L9S que te lleva al Aereopuerto, tambien cuenta con Ferrocarriles, y Rodalies Renfe que te llevan para Paseo de gracia, y la playa de la Barceloneta.. o un viaje al Monserrat o al Park Güell y por último hay Autobuses te dejan en el Camp nou.El espacioEs un alojamiento luminoso y tranquilo. La habitación agradable, ideal para un buen descanso al llegar de un largo día explorando Barcelona.. la habitación es fresca y luminosa y cuenta con un escritorio.Servicios y zonas comunesel baño es compartido  🚿🚽 Se podra utilizar el microondas  y contara con un  espacio en la nevera para sus bocadillos frios🥯❄️💯. No se puede cocinar y tampoco  usar la lavadora. No se permiten visitas.Durante tu estanciaEstaremos al pendiente para ayudarlos con lo que podamos 💜💯 .Otros aspectos destacablestienes cerca el  centro comercial la farga o el gran Vía 2 y mercados muy cercaNúmero de registroExempt",Anfitrión: Joseph,"Habitación en L'Hospitalet de Llobregat, España",40 €,Llegada a partir de las 15:00,Salida antes de las 11:00,34 €,"L'Hospitalet de Llobregat, Catalunya, España","4,94",,,,1 cama individual,Baño compartido,1,
https://www.airbnb.es/rooms/928941163244537984?adults=1&category_tag=Tag%3A8678&children=0&enable_m3_private_room=true&infants=0&pets=0&photo_id=1800346122&search_mode=regular_search&check_in=2025-01-02&check_out=2025-01-07&source_impression_id=p3_1730223982_P3hK2HtLR2a9EVXl&previous_page_section_name=1000&federated_search_id=85505093-3229-4398-9c1b-ce61f98ac58f,2024-10-29 21:15:36,928941163244537984,"Si eres una persona tranquila y respetuosa  y estás buscando una habitación cómoda y luminosa cerca de la estación de tren y del aeropuerto. (Plaza España)Tengo una para ti.Asegúrate de no tener problemas con los gatos porque tengo dos, Minnie y Mickey. Pd: La cocina es para uso personal.El espacioMi piso es tranquilo y limpio con buen rollo.Está a solo 10 minutos a pie de la Plaza España, donde puedes encontrar de todo, a 25 minutos del Aeropuerto, a 10 minutos a pie de la Estación de Sants.¡Espero que disfrutes de Barcelona tanto como yo!Es una ciudad encantadora y cosmopolita, donde el clima es simplemente increíble la mayor parte del año. Es perfecto para disfrutar de la vida y hacer actividades al aire libre.Si tienes más preguntas, no dudes en ponerse en contacto conmigo.¡Hablo inglés, portugués y español!Otros aspectos destacables1. Si necesitas todas las comodidades de un hotel, esta habitación no es para ti. 2. La cocina y el salón son para uso personal.Número de registroExempt",Quédate con Andrea,"Habitación en Barcelona, España",40 €,Horario de llegada: de 9:00 a 22:00,Salida antes de las 11:00,15 €,,"4,94",,,,1 cama,Baño compartido,1,
https://www.airbnb.es/rooms/1234768194911591063?adults=1&category_tag=Tag%3A8678&children=0&enable_m3_private_room=true&infants=0&pets=0&photo_id=1984699307&search_mode=regular_search&check_in=2024-11-01&check_out=2024-11-06&source_impression_id=p3_1730223981_P3S52MU4SaFGHeUW&previous_page_section_name=1000&federated_search_id=85505093-3229-4398-9c1b-ce61f98ac58f,2024-10-29 21:15:36,1234768194911591063,Hola a toda la gran comunidad de Airbnb. Estoy muy emocionada y entusiasmada de pertenecer a esta gran familia de anfitriones.,Quédate con Bienvenida,"Habitación en Barcelona, España",56 €,Horario de llegada: de 15:00 a 21:00,Salida antes de las 12:00,30 €,"Barcelona, Catalunya, España",Nuevo,,,,1 cama,Baño compartido,2,
https://www.airbnb.es/rooms/1199348204513945595?adults=1&category_tag=Tag%3A8678&children=0&enable_m3_private_room=true&infants=0&pets=0&photo_id=1965851096&search_mode=regular_search&check_in=2024-11-11&check_out=2024-11-16&source_impression_id=p3_1730223982_P3vPW3Z30nad1Sij&previous_page_section_name=1000&federated_search_id=85505093-3229-4398-9c1b-ce61f98ac58f,2024-10-29 21:15:36,1199348204513945595,"Una acogedora habitación con cama doble en el centro de Barcelona. El apartamento cuenta con un amplio balcón perfecto para relajarse. Situado a solo 15 minutos tanto del aeropuerto como del centro de la ciudad, y a solo 3 minutos a pie de las paradas de metro y autobús. El supermercado Mercadona está convenientemente abajo. !EL ANFITRIÓN VIVE ALLÍ, GARANTIZANDO UN ENTORNO SEGURO Y ACOGEDOR ¡Número de registroExempt",Quédate con Emmanuela Agbebi,"Habitación en Barcelona, España",63 €,Horario de llegada: de 15:00 a 0:00,Salida antes de las 10:00,54 €,"Barcelona, Catalunya, España","4,89",,,,1 cama de matrimonio,Baño compartido,2,
https://www.airbnb.es/rooms/1268819264675039720?adults=1&category_tag=Tag%3A8678&children=0&enable_m3_private_room=true&infants=0&pets=0&photo_id=2012861080&search_mode=regular_search&check_in=2024-12-09&check_out=2024-12-14&source_impression_id=p3_1730223982_P3_2dcf2DsiI7Mto&previous_page_section_name=1000&federated_search_id=85505093-3229-4398-9c1b-ce61f98ac58f,2024-10-29 21:15:36,1268819264675039720,Divertido.  ingenioso . leal. ocurrente . gracioso.  aveces serio.,Quédate con Fabio,"Habitación en L'Hospitalet de Llobregat, España",55 €,Horario de llegada: de 14:00 a 21:00,Salida antes de las 11:00,80 €,"L'Hospitalet de Llobregat, Catalunya, España",Nuevo,,,3 dormitorios,4 camas,Baño privado en el alojamiento,4,
https://www.airbnb.es/rooms/886034146180533677?adults=1&category_tag=Tag%3A8678&children=0&enable_m3_private_room=true&infants=0&pets=0&photo_id=1645743993&search_mode=regular_search&check_in=2024-11-01&check_out=2024-11-06&source_impression_id=p3_1730223982_P3sP8yG5nn6Fex0S&previous_page_section_name=1000&federated_search_id=85505093-3229-4398-9c1b-ce61f98ac58f,2024-10-29 21:15:36,886034146180533677,Rompe con tu día a día y relájate en este oasis de tranquilidad.El espacioIluminado con sol tranquilo y sencilloServicios y zonas comunesTodos los espacios del piso .Durante tu estanciaSoy extrovertido respetando sus deseos.Número de registroExempt,Quédate con Juan Carlos,"Habitación en Barcelona, España",55 €,Llegada flexible,Salida antes de las 11:00,47 €,,"4,76",63,,,1 cama,Baño compartido,1,
https://www.airbnb.es/rooms/1258050710501185022?adults=1&children=0&enable_m3_private_room=true&infants=0&pets=0&search_mode=regular_search&check_in=2024-11-23&check_out=2024-11-28&source_impression_id=p3_1730223982_P3UOJJEID4wX22OY&previous_page_section_name=1000&federated_search_id=85505093-3229-4398-9c1b-ce61f98ac58f,2024-10-29 21:15:36,1258050710501185022,Este anfitrión tiene 191 evaluaciones de otros alojamientos. Échales un vistazo,Anfitrión: Kiko,"Alojamiento entero: apartamento en Barcelona, España",75 €,Horario de llegada: de 15:00 a 20:00,Salida antes de las 11:00,80 €,"Barcelona, Catalunya, España",Nuevo,,6 viajeros,3 dormitorios,3 camas,1 baño,6,
https://www.airbnb.es/rooms/1197658127949521687?adults=1&children=0&enable_m3_private_room=true&infants=0&pets=0&search_mode=regular_search&check_in=2024-11-03&check_out=2024-11-08&source_impression_id=p3_1730223982_P3Gl6nH6J0JHmkqo&previous_page_section_name=1000&federated_search_id=85505093-3229-4398-9c1b-ce61f98ac58f,2024-10-29 21:15:36,1197658127949521687,Este anfitrión tiene 16 evaluaciones de otros alojamientos. Échales un vistazo,Anfitrión: Ashley,"Alojamiento entero: apartamento en Barcelona, España",110 €,Horario de llegada: de 14:00 a 23:00,Salida antes de las 10:00,94 €,"Barcelona, Catalunya, España",Sin evaluaciones,,4 viajeros,2 dormitorios,3 camas,1 baño,4,
https://www.airbnb.es/rooms/1260094358313659968?adults=1&children=0&enable_m3_private_room=true&infants=0&pets=0&search_mode=regular_search&check_in=2024-11-04&check_out=2024-11-09&source_impression_id=p3_1730223982_P3JkJzQavCcHkTWe&previous_page_section_name=1000&federated_search_id=85505093-3229-4398-9c1b-ce61f98ac58f,2024-10-29 21:15:36,1260094358313659968,"Me encanta viajar, compartir y conocer lugares y personas. Soy muy trabajadora, tengo 3 hijos y a pesar de ser joven ya tengo 2 nietos.",Anfitrión: Diana Maria,"Alojamiento entero: loft en Barcelona, España",73 €,Horario de llegada: de 15:00 a 22:00,Salida antes de las 11:00,28 €,"Barcelona, Catalunya, España",Nuevo,,3 viajeros,1 dormitorio,2 camas,1 baño,3,
https://www.airbnb.es/rooms/1247824320074399619?adults=1&category_tag=Tag%3A8678&children=0&enable_m3_private_room=true&infants=0&pets=0&photo_id=1995473672&search_mode=regular_search&check_in=2024-12-19&check_out=2024-12-24&source_impression_id=p3_1730223986_P3Xx4wHgtVvYlbdX&previous_page_section_name=1000&federated_search_id=85505093-3229-4398-9c1b-ce61f98ac58f,2024-10-29 21:15:36,1247824320074399619,"Disfruta de la sencillez de este alojamiento tranquilo y céntrico.El espacioOfrecemos económica habitación con  cama individual en el centro de la ciudad.- Situado entre Plaza España y  Plaza Catalunya y Las Ramblas.- Cerca de comercios, estación de metro, restaurantes y supermercados. Tienes todo lo que necesitas para tus vacaciones en Barcelona.- La estación de metro más cercana es Passeig de Gracia.- La puerta de habitación se cierra con la llave.- WI-FI..Servicios y zonas comunesRopa de cama y toallas incluidas en el precio.Servicios:- Aire acondicionado tiene precio de 10€/dia.- Servicio de lavandería 10 euros por lavado.- Servicio de consigna de equipaje: 10 euros hasta las 18:00, luego 5 euros por hora, pero no más de las 20:00 (solo el día de salida, previa solicitud).- Cuna, 10 euros por día, sujeta a disponibilidad.- Limpieza durante la estancia: 10 euros por día (opcional).Cambio de ropa de cama y toallas:- para estancias de 5 días, el tercer día de estancia;- para estancias superiores a 5 días, cada 4 días de estancia;- cambio no programado de ropa de cama o toallas 10 euros.Por motivos de seguridad, el chat de Airbnb es el canal preferido para comunicarse con los huéspedes.Otros aspectos destacables:La cocina y 1 baño se comparten con otros huéspedes. Las áreas comunes se limpian diariamente.Esta es una casa familiar, por lo que pedimos a los huéspedes que mantengan bajos los niveles de ruido después de las 22:00 p.m.No se permite la entrada al apartamento a huéspedes adicionales (que no hayan pagado su estancia) a menos que se acuerde previamente.Número de registroHUTB-001234",Anfitrión: Kristina,"Habitación en Barcelona, España",28 €,Horario de llegada: de 16:00 a 20:00,Salida antes de las 11:00,24 €,"Barcelona, Catalunya, España",Nuevo,,,,1 cama,Baño compartido,1,
https://www.airbnb.es/rooms/1238563255180763724?adults=1&category_tag=Tag%3A8678&children=0&enable_m3_private_room=true&infants=0&pets=0&photo_id=1990447748&search_mode=regular_search&check_in=2024-11-17&check_out=2024-11-22&source_impression_id=p3_1730223982_P3XN25No6XrAQ1kH&previous_page_section_name=1000&federated_search_id=85505093-3229-4398-9c1b-ce61f98ac58f,2024-10-29 21:15:36,1238563255180763724,"Ideal para conocer Barcelona y sus alrededores, delante del metro linea 1, a 15 minutos del centro en transporte publico, a 20 minutos a pie del estadio del Barcelona y combinacion perfecta al aeropuerto.El espacioHabitación independiente del resto de la casa con zonas comunes y a compartir con una sola persona.Servicios y zonas comunesCocina, baño y terrazaNúmero de registroLLB-000780",Quédate con Alejandro,"Habitación en L'Hospitalet de Llobregat, España",57 €,Horario de llegada: de 16:00 a 21:00,Salida antes de las 12:00,49 €,"L'Hospitalet de Llobregat, Catalunya, España","5,0",,,,1 cama,,2,Aseo compartido
https://www.airbnb.es/rooms/622091179379166142?adults=1&children=0&enable_m3_private_room=true&infants=0&pets=0&search_mode=regular_search&check_in=2024-11-30&check_out=2024-12-05&source_impression_id=p3_1730223982_P3dufOK9vn8aPGOG&previous_page_section_name=1000&federated_search_id=85505093-3229-4398-9c1b-ce61f98ac58f,2024-10-29 21:15:36,622091179379166142,"Diviértete con toda la familia en este alojamiento con estilo. Dos habitaciones dobles, con camas dos de matrimonio. Dos baños privados y gran salón comedor. El apartamento dispone de una gran terraza de uso privado. Muy bien conectado y al lado de la fuente Mágica de Barcelona.Tasa turística a parte del precio por noche. Se deberá abonar en la entrada al apartamento.Número de registroHUTB-013997",Anfitrión: Vhan,"Alojamiento entero: apartamento en Barcelona, España",121 €,Llegada a partir de las 14:00,Salida antes de las 12:00,50 €,"Barcelona, Catalunya, España","4,91",,4 viajeros,2 dormitorios,2 camas,1 baño,4,
https://www.airbnb.es/rooms/1100488398083786257?adults=1&category_tag=Tag%3A8678&children=0&enable_m3_private_room=true&infants=0&pets=0&photo_id=1933994847&search_mode=regular_search&check_in=2024-11-06&check_out=2024-11-11&source_impression_id=p3_1730223982_P3rrRu2C9HGXFKRd&previous_page_section_name=1000&federated_search_id=85505093-3229-4398-9c1b-ce61f98ac58f,2024-10-29 21:15:36,1100488398083786257,"¡Bienvenido a tu nuevo hogar lejos de casa! Esta acogedora, pequeña y sencilla habitación ofrece una experiencia tranquila y céntrica en la ciudad de Barcelona. Con una cómoda cama dúplex (nido), TV, WiFi y baño compartido. Disfruta de un espacio limpio y acogedor. ¡Haz de esta habitación tu refugio ideal en la ciudad! P.D: Por favor leer bien las normas del anuncio y los servicios que se ofrecen. ¡¡Gracias!!El espacioSomos un piso familiar y acogedor. En nuestro espacio cuentas con instalaciones limpias y cómodas para disfrutar de una estancia agradable. Mantenemos una convivencia tranquila y familiar en todo momento. Agradecemos leer atentamente los servicios que prestamos y las reglas del hogar antes de realizar la reserva. Gracias!!Servicios y zonas comunesHabitación privada con TV, Wifi, ropa de cama y toallas limpias.Baño compartido con la familia de la casa. Son los único servicios que prestamos. Las demás estancias de la casa no están disponibles. Son de uso privado de la familia.Durante tu estanciaPueden contactar con nosotros a través de la aplicación o en persona si estamos en casa.Otros aspectos destacablesNuestra habitación es sencilla, limpia y acogedora. Ideal para viajeros que quieren descansar después de conocer la ciudad. Es importante tener en cuenta las horas de silencio de 00 a 07:00 am. Además, la ducha no puede exceder los 20 minutos por huésped, ya que en Barcelona estamos en emergencia por sequía.Pedimos a nuestros huéspedes apagar las luces cuando no se estén usando y cerrar la puerta de la casa al entrar y salir. Muchas gracias 🙏Número de registroExempt",Anfitrión: Jesús,"Habitación en Barcelona, España",40 €,Llegada a partir de las 15:00,Salida antes de las 12:00,34 €,"Barcelona, Catalunya, España","4,74",61,,,2 camas individuales,Baño compartido,2,
https://www.airbnb.es/rooms/1081156606865673757?adults=1&children=0&enable_m3_private_room=true&infants=0&pets=0&search_mode=regular_search&check_in=2024-11-09&check_out=2024-11-14&source_impression_id=p3_1730223986_P3JFYMZMTLL4Pb3f&previous_page_section_name=1000&federated_search_id=85505093-3229-4398-9c1b-ce61f98ac58f,2024-10-29 21:15:36,1081156606865673757,"Apartamento ubicado a solo 5 minutos de la estación de metro de Collblanc, directamente conectado con el aeropuerto y el centro de la ciudad( aeropuerto - 40 minutos, centro de la ciudad - 15 minutos )Tener:toallas, sábanas, gel de baño, utensilios de cocina.El apartamento está situado a nivel de la calle.Apartamento privado.Importante:En este apartamento está absolutamente prohibido fumar cigarrillos o Marihuana, o fumar en la puerta principal del apartamento.Sin duda, tendrás una estadía maravillosa!!!Número de registroExempt",Anfitrión: Rey,"Alojamiento entero: apartamento en L'Hospitalet de Llobregat, España",58 €,Horario de llegada: de 15:00 a 2:00,Salida antes de las 11:00,45 €,"L'Hospitalet de Llobregat, Catalunya, España","3,79",14,2 viajeros,1 dormitorio,1 cama,1 baño,2,
