Host_name,Property_types,Prices_per_night,Check_ins,Check_outs,Cleaning_fees,Location,Ratings,Num_reviews,Camas,Baños,Maximum_guests,Dormitorios
Joar,Habitación,46.0,Llegada a partir de las 10:00,Salida antes de las 12:00,10.0,"Barcelona, Catalunya, España",0.0,0.0,1.0,,2.0,
Valentina Sofia,Habitación,45.0,Horario de llegada: de 15:00 a 23:00,Salida antes de las 11:00,20.0,"Barcelona, Catalunya, España",0.0,0.0,1.0,,,
Joonas,Alojamiento entero,147.0,Llegada a partir de las 15:00,Salida antes de las 12:00,126.0,"Barcelona, Catalunya, España",0.0,0.0,2.0,1.0,4.0,2.0
Jan,Alojamiento entero,55.0,Horario de llegada: de 18:00 a 23:00,Salida antes de las 11:00,80.0,"Barcelona, Catalunya, España",4.68,19.0,1.0,1.0,2.0,1.0
Ele,Habitación,56.0,Horario de llegada: de 14:00 a 21:00,Salida antes de las 12:00,48.0,"Barcelona, Catalunya, España",5.0,4.0,2.0,1.0,1.0,1.0
Magdalena,Habitación,50.0,Horario de llegada: de 15:00 a 0:00,Salida antes de las 12:00,43.0,"Barcelona, Catalunya, España",0.0,0.0,1.0,,1.0,
David,Habitación,46.0,Horario de llegada: de 17:00 a 2:00,Salida antes de las 11:00,15.0,"Barcelona, Catalunya, España",0.0,0.0,1.0,,1.0,
Generator,Habitación,29.0,Horario de llegada: de 14:00 a 0:00,Salida antes de las 10:00,,,4.75,4.0,,,1.0,
Badajoz,Alojamiento entero,110.0,Llegada a partir de las 15:00,Salida antes de las 11:00,60.0,"Barcelona, Catalunya, España",0.0,0.0,6.0,2.0,6.0,3.0
Carmen,Alojamiento entero,130.0,Máximo 3 huéspedes,No consta que el alojamiento tenga un detector de monóxido de carbono,30.0,"Barcelona, Catalunya, España",0.0,0.0,1.0,1.0,3.0,1.0
Guido,Habitación,59.0,Horario de llegada: de 13:00 a 15:00,Salida antes de las 10:00,50.0,"Barcelona, Catalunya, España",4.8,10.0,1.0,,2.0,
St Christophers Barcelona,Habitación,31.0,Llegada a partir de las 15:00,Salida antes de las 11:00,,"Barcelona, España",4.4,989.0,1.0,,1.0,
Danny,Habitación,50.0,Llegada a partir de las 15:00,Salida antes de las 11:00,25.0,"Barcelona, Catalunya, España",4.44,25.0,1.0,,3.0,
Mada,Alojamiento entero,95.0,Máximo 4 huéspedes,No hay alarma de monóxido de carbono,125.0,"Barcelona, Catalunya, España",0.0,2.0,2.0,1.0,4.0,2.0
Cleudes,Habitación,36.0,Horario de llegada: de 15:00 a 22:00,Salida antes de las 9:00,20.0,"Barcelona, Catalunya, España",0.0,2.0,1.0,,2.0,
Raffaele,Alojamiento entero,115.0,Llegada a partir de las 15:00,Salida antes de las 11:00,70.0,"Barcelona, Catalunya, España",5.0,3.0,1.0,1.0,2.0,1.0
Alerson,Habitación,46.0,Horario de llegada: de 14:00 a 21:00,Salida antes de las 10:00,15.0,"Barcelona, Catalunya, España",0.0,2.0,1.0,,2.0,
Unite Hostel,Habitación,26.0,Llegada a partir de las 14:00,Salida antes de las 11:00,,,4.46,2770.0,1.0,,1.0,
Hola,Habitación,29.0,Horario de llegada: de 14:00 a 2:00,Salida antes de las 11:00,,,4.47,2190.0,1.0,5.0,1.0,
Generator,Habitación,25.0,Horario de llegada: de 14:00 a 0:00,Salida antes de las 10:00,,,4.75,4.0,,,1.0,
Green House,Habitación,74.0,Llegada a partir de las 15:00,Salida antes de las 11:00,,,4.49,204.0,2.0,1.5,2.0,1.0
Reno,Habitación,38.0,Horario de llegada: de 14:00 a 23:00,Salida antes de las 11:00,25.0,"Barcelona, Catalunya, España",0.0,2.0,1.0,,2.0,
Antonia Y Andres,Habitación,35.0,Horario de llegada: de 15:00 a 20:00,Salida antes de las 10:00,,"Barcelona, Catalunya, España",0.0,2.0,1.0,,2.0,
Barcelona Urbany Hostel,Habitación,23.0,Llegada a partir de las 15:00,Salida antes de las 10:00,,"Barcelona, Catalunya, España",4.23,364.0,,,1.0,
Gian,Alojamiento entero,105.0,Llegada a partir de las 14:00,Salida antes de las 11:00,60.0,,0.0,0.0,3.0,1.0,4.0,2.0
Mate,Habitación,24.0,Horario de llegada: de 12:00 a 14:00,Salida antes de las 10:00,5.0,"Barcelona, Catalunya, España",4.5,8.0,2.0,,2.0,3.0
Alvie,Habitación,50.0,Llegada a partir de las 15:00,Salida antes de las 11:00,20.0,"Barcelona, Catalunya, España",4.53,19.0,1.0,,2.0,
Joan,Alojamiento entero,160.0,Llegada a partir de las 14:00,Salida antes de las 11:00,40.0,"Barcelona, Catalunya, España",0.0,0.0,3.0,1.0,4.0,2.0
David,Habitación,57.0,Horario de llegada: de 17:00 a 2:00,Salida antes de las 11:00,20.0,"Barcelona, Catalunya, España",0.0,0.0,1.0,,2.0,
Nanou,Alojamiento entero,85.0,Llegada a partir de las 15:00,Salida antes de las 12:00,35.0,"Barcelona, Catalunya, España",4.33,27.0,1.0,1.0,2.0,
Lfdg Hostels,Habitación,25.0,Horario de llegada: de 15:00 a 2:00,Salida antes de las 11:00,,"Barcelona, Catalunya, España",4.54,353.0,12.0,,1.0,
Anders,Alojamiento entero,88.0,Horario de llegada: de 14:00 a 21:00,Salida antes de las 10:00,50.0,,4.63,528.0,4.0,1.0,4.0,2.0
Unite Hostel,Habitación,29.0,Llegada a partir de las 15:00,Salida antes de las 11:00,,,4.44,389.0,1.0,,1.0,
Robinson,Alojamiento entero,108.0,Máximo 6 huéspedes,No consta que el alojamiento tenga un detector de monóxido de carbono,92.0,"Barcelona, Catalunya, España",0.0,0.0,3.0,2.0,6.0,3.0
Carmen Luisa,Habitación,47.0,Horario de llegada: de 15:00 a 21:00,Salida antes de las 11:00,50.0,,0.0,0.0,2.0,,2.0,
Valerie,Alojamiento entero,150.0,Llegada a partir de las 15:00,Salida antes de las 11:00,130.0,,0.0,0.0,4.0,2.0,8.0,4.0
Oscar Y Susana,Alojamiento entero,106.0,Horario de llegada: de 15:00 a 22:00,Salida antes de las 11:00,38.0,,4.83,587.0,3.0,1.0,4.0,2.0
Natalia,Habitación,46.0,Llegada a partir de las 15:00,Salida antes de las 11:00,20.0,"Barcelona, Catalunya, España",0.0,0.0,1.0,,2.0,
Anders,Alojamiento entero,76.0,Horario de llegada: de 14:00 a 21:00,Salida antes de las 10:00,50.0,,4.61,469.0,2.0,1.0,3.0,2.0
Ashley,Alojamiento entero,102.0,Horario de llegada: de 14:00 a 23:00,Salida antes de las 10:00,87.0,"Barcelona, Catalunya, España",0.0,0.0,3.0,1.0,4.0,2.0
Carlos,Alojamiento entero,90.0,Horario de llegada: de 15:00 a 22:00,Salida antes de las 11:00,70.0,,4.65,96.0,4.0,1.0,4.0,1.0
Anders,Alojamiento entero,69.0,Horario de llegada: de 14:00 a 21:00,Salida antes de las 10:00,50.0,,4.67,451.0,2.0,1.0,2.0,1.0
Anna,Habitación,101.0,Llegada a partir de las 14:00,Salida antes de las 11:00,,"Carrer d'En Fontrodona, 15, 08004 Barcelona, Spain",4.55,693.0,3.0,1.0,3.0,1.0
Lorenzo And  Cristina,Alojamiento entero,135.0,Horario de llegada: de 15:00 a 1:00,Salida antes de las 11:00,50.0,"Barcelona, Catalunya, España",0.0,0.0,,1.0,2.0,1.0
Yevhen,Alojamiento entero,217.0,Llegada a partir de las 15:00,Salida antes de las 11:00,45.0,"Barcelona, Catalunya, España",4.68,28.0,3.0,1.0,6.0,3.0
Generator,Habitación,32.0,Horario de llegada: de 14:00 a 0:00,Salida antes de las 10:00,,,4.31,949.0,,,1.0,
Flavio,Alojamiento entero,99.0,Llegada a partir de las 16:00,Salida antes de las 12:00,65.0,,4.61,495.0,3.0,1.0,4.0,2.0
Johan,Habitación,55.0,Horario de llegada: de 13:00 a 22:00,Salida antes de las 11:00,10.0,"Barcelona, Catalunya, España",0.0,0.0,1.0,,2.0,
Gaston,Habitación,17.0,Llegada a partir de las 15:00,Salida antes de las 10:00,,"Barcelona, Catalunya, España",3.77,26.0,4.0,,1.0,
Alvaro,Habitación,50.0,Llegada a partir de las 15:00,Máximo 1 huésped,20.0,"Barcelona, Catalunya, España",4.68,47.0,1.0,,1.0,
Iggy,Habitación,38.0,Horario de llegada: de 14:00 a 20:00,Salida antes de las 10:00,32.0,"Barcelona, Catalunya, España",4.81,54.0,1.0,,2.0,
Marcelo,Alojamiento entero,100.0,Horario de llegada: de 15:00 a 21:00,Salida antes de las 11:00,50.0,"Barcelona, Catalunya, España",0.0,0.0,2.0,1.0,3.0,1.0
Junith,Alojamiento entero,100.0,Horario de llegada: de 15:00 a 19:00,Salida antes de las 11:00,60.0,"Barcelona, Catalunya, España",4.63,8.0,3.0,2.0,5.0,3.0
Homeaway,Habitación,62.0,Llegada a partir de las 13:00,Máximo 1 huésped,20.0,"Barcelona, Cataluña, España",0.0,2.0,1.0,,1.0,
Irina,Alojamiento entero,108.0,Horario de llegada: de 16:00 a 23:00,Salida antes de las 11:00,50.0,"Barcelona, Catalunya, España",4.62,47.0,,1.0,4.0,2.0
Sandra,Alojamiento entero,100.0,Horario de llegada: de 15:00 a 20:00,Salida antes de las 11:00,110.0,,4.33,108.0,7.0,2.0,5.0,4.0
Sabrina,Habitación,41.0,Horario de llegada: de 15:00 a 21:00,Salida antes de las 11:00,35.0,"Barcelona, Catalunya, España",0.0,0.0,,,1.0,1.0
Ashley,Alojamiento entero,98.0,Llegada a partir de las 14:00,Salida antes de las 10:00,84.0,"Barcelona, Catalunya, España",4.0,18.0,2.0,1.0,5.0,2.0
Noelia Y Fabiola,Alojamiento entero,125.0,Llegada a partir de las 15:00,Salida antes de las 11:00,65.0,,0.0,0.0,3.0,1.5,6.0,2.0
BLAU Student Housing,Alojamiento entero,113.0,Llegada a partir de las 16:00,Salida antes de las 12:00,35.0,"Barcelona, Catalunya, España",0.0,0.0,1.0,1.0,1.0,1.0
Michel,Alojamiento entero,77.0,Horario de llegada: de 15:00 a 1:00,Salida antes de las 11:00,50.0,"Barcelona, Catalunya, España",0.0,0.0,2.0,1.0,3.0,2.0
Jana,Alojamiento entero,97.0,Llegada a partir de las 15:00,Salida antes de las 11:00,40.0,"Barcelona, Catalunya, España",0.0,0.0,1.0,1.0,2.0,1.0
Santiago,Habitación,50.0,Llegada a partir de las 15:00,Máximo 1 huésped,15.0,,0.0,0.0,1.0,,1.0,
Natan,Habitación,37.0,Llegada a partir de las 15:00,Salida antes de las 10:00,15.0,"Barcelona, Catalunya, España",4.62,101.0,1.0,,2.0,
Alerson,Habitación,46.0,Horario de llegada: de 14:00 a 21:00,Salida antes de las 10:00,15.0,"Barcelona, Catalunya, España",0.0,0.0,2.0,,2.0,
Sara,Alojamiento entero,140.0,Horario de llegada: de 16:00 a 22:00,Salida antes de las 11:00,120.0,,0.0,0.0,5.0,1.0,6.0,3.0
Lfdg Hostels,Habitación,24.0,Horario de llegada: de 15:00 a 2:00,Salida antes de las 11:00,,"Barcelona, Catalunya, España",4.6,423.0,10.0,,1.0,
Roman,Alojamiento entero,115.0,Llegada a partir de las 15:00,Salida antes de las 10:00,50.0,"Barcelona, Catalunya, España",0.0,0.0,1.0,1.0,4.0,1.0
Marta+Paul,Alojamiento entero,80.0,Llegada a partir de las 15:00,Salida antes de las 11:00,90.0,,5.0,5.0,1.0,1.0,2.0,1.0
David Nicolas,otro,103.0,Llegada a partir de las 16:00,Salida antes de las 11:00,75.0,"Barcelona, Catalunya, España",4.75,4.0,1.0,1.0,2.0,1.0
Carlos,Alojamiento entero,125.0,Horario de llegada: de 15:00 a 19:00,Salida antes de las 11:00,75.0,"Barcelona, Catalunya, España",0.0,0.0,1.0,1.0,2.0,1.0
Jing,Alojamiento entero,70.0,Llegada a partir de las 14:00,Salida antes de las 11:00,40.0,"Barcelona, Catalunya, España",0.0,2.0,1.0,1.0,3.0,1.0
Ikram,Habitación,45.0,Máximo 2 huéspedes,No consta que el alojamiento tenga un detector de monóxido de carbono,38.0,,0.0,0.0,1.0,,2.0,
Pat,Alojamiento entero,135.0,Llegada a partir de las 15:00,Salida antes de las 11:00,75.0,,4.83,368.0,3.0,1.5,4.0,2.0
Michael,Habitación,40.0,Horario de llegada: de 14:00 a 23:00,Salida antes de las 11:00,20.0,"Barcelona, Catalunya, España",4.7,37.0,1.0,,2.0,
Lu,Habitación,41.0,Horario de llegada: de 15:00 a 0:00,Salida antes de las 11:00,10.0,"Barcelona, Catalunya, España",4.86,7.0,1.0,,1.0,
Giovanna,Habitación,50.0,Horario de llegada: de 16:00 a 20:00,Salida antes de las 12:00,10.0,"Barcelona, Catalunya, España",0.0,0.0,1.0,,2.0,
Ana,Alojamiento entero,144.0,Horario de llegada: de 15:00 a 23:00,Salida antes de las 11:00,15.0,"Barcelona, Catalunya, España",0.0,0.0,1.0,0.0,3.0,1.0
Guido,Habitación,59.0,Horario de llegada: de 13:00 a 15:00,Salida antes de las 10:00,50.0,"Barcelona, Catalunya, España",0.0,0.0,1.0,,2.0,
Kiko,Alojamiento entero,75.0,Horario de llegada: de 15:00 a 20:00,Salida antes de las 11:00,80.0,"Barcelona, Catalunya, España",0.0,0.0,3.0,1.0,6.0,3.0
Anders,Alojamiento entero,79.0,Horario de llegada: de 14:00 a 21:00,Salida antes de las 10:00,60.0,,4.6,436.0,4.0,1.0,4.0,2.0
Thiago,Habitación,40.0,Llegada a partir de las 14:00,Salida antes de las 11:00,34.0,"Barcelona, Catalunya, España",4.32,44.0,1.0,,2.0,
Angel,Habitación,40.0,Máximo 2 huéspedes,No consta que el alojamiento tenga un detector de monóxido de carbono,34.0,"Barcelona, Catalunya, España",4.83,6.0,1.0,,2.0,
Antonia Y Andres,Habitación,33.0,Horario de llegada: de 15:00 a 20:00,Salida antes de las 10:00,,"Barcelona, Catalunya, España",4.63,8.0,1.0,,2.0,
Marina,Habitación,27.0,Horario de llegada: de 20:00 a 1:00,Salida antes de las 11:00,5.0,"Barcelona, Catalunya, España",0.0,0.0,1.0,,1.0,
Loni,Alojamiento entero,112.0,Llegada flexible,Salida antes de las 11:00,65.0,,0.0,0.0,2.0,1.0,3.0,1.0
Sergi,Alojamiento entero,92.0,Llegada a partir de las 13:00,Salida antes de las 10:00,42.0,,0.0,0.0,4.0,1.5,6.0,3.0
Serveis Inmobiliaris,Alojamiento entero,144.0,Llegada a partir de las 16:00,Salida antes de las 11:00,95.0,,4.56,336.0,4.0,1.0,6.0,3.0
Lodging Apartments,Alojamiento entero,117.0,Llegada a partir de las 15:00,Salida antes de las 11:00,95.0,"Barcelona, Catalunya, España",0.0,0.0,1.0,1.0,2.0,1.0
Hostal,Habitación,52.0,Horario de llegada: de 14:00 a 2:00,Salida antes de las 11:00,,,4.76,282.0,1.0,1.0,1.0,1.0
Karla Andrea,Habitación,46.0,Llegada flexible,Salida antes de las 11:00,15.0,"Barcelona, Catalunya, España",4.71,7.0,1.0,,2.0,
Joan,Habitación,42.0,Horario de llegada: de 18:00 a 23:00,Salida antes de las 10:00,30.0,,4.64,50.0,1.0,,1.0,
Victoria Isabel,Habitación,44.0,Horario de llegada: de 15:00 a 21:00,Salida antes de las 9:00,35.0,,0.0,0.0,1.0,,1.0,
The Streets Apartments,Alojamiento entero,160.0,Llegada a partir de las 15:00,Salida antes de las 11:00,,,4.86,208.0,1.0,1.0,2.0,1.0
Jesus Maximiliano,Habitación,67.0,Horario de llegada: de 15:00 a 20:00,Salida antes de las 10:00,,"Barcelona, Catalunya, España",0.0,0.0,1.0,,2.0,
Mambo,Habitación,33.0,Llegada a partir de las 15:00,Salida antes de las 11:00,,"Barcelona, Catalunya, España",4.48,279.0,8.0,2.0,8.0,
Ana,Alojamiento entero,108.0,Llegada flexible,Salida antes de las 12:00,80.0,,4.73,147.0,3.0,1.0,4.0,3.0
Hostal,Habitación,66.0,Horario de llegada: de 14:00 a 2:00,Salida antes de las 11:00,,,4.71,291.0,2.0,1.0,2.0,1.0
Sebastian,Habitación,44.0,Llegada a partir de las 15:00,Máximo 1 huésped,20.0,,4.83,47.0,1.0,,1.0,2.0
Kenia,Alojamiento entero,120.0,Horario de llegada: de 15:00 a 19:00,Salida antes de las 12:00,50.0,"Barcelona, Catalunya, España",5.0,3.0,2.0,1.0,3.0,2.0
Elsa Marina,Habitación,50.0,Llegada a partir de las 15:00,Salida antes de las 11:00,43.0,"Barcelona, Catalunya, España",4.77,115.0,1.0,,2.0,
Jane,Alojamiento entero,75.0,Horario de llegada: de 17:00 a 0:00,Salida antes de las 11:00,50.0,,4.7,547.0,2.0,1.0,4.0,1.0
Fontanella,Habitación,82.0,Llegada flexible,Salida antes de las 11:00,,,4.69,160.0,2.0,1.0,2.0,1.0
Francesc,Alojamiento entero,113.0,Llegada a partir de las 14:00,Salida antes de las 11:00,60.0,"Barcelona, Catalunya, España",4.82,44.0,2.0,1.0,3.0,1.0
Anetta,Alojamiento entero,104.0,Llegada a partir de las 14:00,Salida antes de las 10:00,30.0,,4.74,636.0,5.0,1.0,4.0,2.0
Ana,Alojamiento entero,108.0,Llegada flexible,Salida antes de las 12:00,80.0,,4.68,418.0,3.0,1.0,4.0,3.0
Flor,Alojamiento entero,130.0,Llegada a partir de las 14:00,Salida antes de las 11:00,89.0,,0.0,0.0,4.0,1.0,6.0,3.0
Feliz Rooms,Habitación,62.0,Llegada a partir de las 15:00,Máximo 2 huéspedes,53.0,,0.0,0.0,1.0,,2.0,4.0
Sebastian,Habitación,44.0,Horario de llegada: de 15:00 a 22:00,Salida antes de las 12:00,20.0,,4.77,140.0,1.0,,1.0,
Milagros,Habitación,60.0,Máximo 2 huéspedes,No se admiten mascotas,10.0,"Barcelona, Catalunya, España",0.0,0.0,2.0,,2.0,
Francesc,Alojamiento entero,113.0,Llegada a partir de las 14:00,Salida antes de las 11:00,60.0,"Barcelona, Catalunya, España",4.74,34.0,4.0,1.0,5.0,2.0
Stefano,Habitación,38.0,Horario de llegada: de 14:00 a 20:00,Salida antes de las 10:00,30.0,,4.31,154.0,1.0,,2.0,
Yang,Habitación,77.0,Máximo 2 huéspedes,No consta que el alojamiento tenga un detector de monóxido de carbono,66.0,"Barcelona, Catalunya, España",0.0,0.0,2.0,,2.0,
Milan,Habitación,81.0,Llegada a partir de las 15:00,Salida antes de las 11:00,10.0,"Barcelona, Catalunya, España",4.67,33.0,1.0,,2.0,
Carmen Luisa,Habitación,55.0,Horario de llegada: de 15:00 a 21:00,Salida antes de las 11:00,50.0,,0.0,0.0,1.0,,2.0,
Emmnuel Dario,Habitación,39.0,Horario de llegada: de 15:00 a 20:00,Salida antes de las 10:00,,"Barcelona, Catalunya, España",0.0,2.0,1.0,,1.0,
Diana Maria,Alojamiento entero,85.0,Horario de llegada: de 15:00 a 22:00,Salida antes de las 11:00,28.0,"Barcelona, Catalunya, España",0.0,0.0,2.0,1.0,3.0,1.0
"Alex, Javi & Pilar",Alojamiento entero,149.0,Llegada a partir de las 15:00,Salida antes de las 11:00,50.0,,4.8,572.0,3.0,2.0,5.0,2.0
Maria,Alojamiento entero,86.0,Llegada a partir de las 12:00,Salida antes de las 12:00,60.0,,4.67,153.0,3.0,1.0,4.0,2.0
Cecilia,Habitación,44.0,Llegada a partir de las 13:00,Salida antes de las 12:00,10.0,"Barcelona, Catalunya, España",4.3,37.0,1.0,,4.0,
Kike,Habitación,36.0,Horario de llegada: de 17:00 a 22:00,Salida antes de las 12:00,10.0,,4.69,150.0,1.0,,1.0,
Nekane,Habitación,24.0,Llegada a partir de las 14:00,Salida antes de las 10:00,,"Barcelona, Catalunya, España",4.25,112.0,1.0,,1.0,
El Khalat,Alojamiento entero,63.0,Horario de llegada: de 14:00 a 16:00,Salida antes de las 11:00,30.0,"Barcelona, Catalunya, España",0.0,2.0,1.0,1.0,3.0,1.0
Nanou,Alojamiento entero,88.0,Llegada a partir de las 15:00,Salida antes de las 12:00,45.0,"Barcelona, Catalunya, España",4.86,7.0,1.0,1.0,2.0,1.0
Som Nit Triomf,Habitación,101.0,Horario de llegada: de 15:00 a 23:00,Salida antes de las 11:00,,,4.49,1203.0,,1.0,2.0,1.0
Yako,Habitación,45.0,Horario de llegada: de 11:00 a 22:00,Salida antes de las 11:00,38.0,,4.79,19.0,1.0,,1.0,
Hostal,Habitación,76.0,Horario de llegada: de 14:00 a 2:00,Salida antes de las 11:00,,,4.73,489.0,2.0,1.0,2.0,1.0
Hola,Habitación,25.0,Llegada a partir de las 14:00,Salida antes de las 11:00,,,4.41,1125.0,1.0,5.0,1.0,
Jorge,Alojamiento entero,110.0,Llegada a partir de las 14:00,Salida antes de las 11:00,20.0,"Barcelona, Catalunya, España",0.0,0.0,1.0,1.0,2.0,
Joonas,Alojamiento entero,122.0,Llegada a partir de las 15:00,Salida antes de las 12:00,30.0,,4.79,24.0,1.0,1.0,2.0,1.0
Ana,Alojamiento entero,108.0,Llegada flexible,Salida antes de las 12:00,80.0,,4.75,357.0,3.0,1.0,4.0,3.0
Valentina,Alojamiento entero,90.0,Máximo 3 huéspedes,No consta que el alojamiento tenga un detector de monóxido de carbono,55.0,"Barcelona, Catalunya, España",0.0,0.0,2.0,1.0,3.0,1.0
Maria,Alojamiento entero,75.0,Horario de llegada: de 11:00 a 20:00,Salida antes de las 11:00,60.0,,0.0,0.0,3.0,2.0,5.0,3.0
Georgina,Alojamiento entero,99.0,Llegada a partir de las 15:00,Salida antes de las 11:00,25.0,"Barcelona, Catalunya, España",4.41,436.0,2.0,1.0,2.0,
Yulia,Alojamiento entero,120.0,Horario de llegada: de 15:00 a 18:00,Salida antes de las 11:00,25.0,,0.0,0.0,4.0,1.0,2.0,2.0
James,Alojamiento entero,108.0,Horario de llegada: de 15:00 a 20:00,Salida antes de las 11:00,115.0,,0.0,0.0,2.0,2.0,4.0,2.0
Rachid,Alojamiento entero,99.0,Horario de llegada: de 14:00 a 0:00,Salida antes de las 11:00,82.0,,0.0,0.0,1.0,1.5,4.0,1.0
Jay,Habitación,72.0,Llegada a partir de las 13:00,Salida antes de las 11:00,61.0,"Barcelona, Catalunya, España",0.0,0.0,1.0,,2.0,
Noelia Gisel,Habitación,57.0,Llegada a partir de las 15:00,Salida antes de las 11:00,,"Barcelona, Catalunya, España",0.0,2.0,1.0,,2.0,
Tiziana,Alojamiento entero,80.0,Horario de llegada: de 16:00 a 20:00,Salida antes de las 10:00,40.0,"Barcelona, Catalunya, España",4.5,4.0,1.0,1.0,2.0,1.0
Nicolas,Alojamiento entero,106.0,Llegada a partir de las 14:00,Salida antes de las 11:00,45.0,,4.82,570.0,1.0,1.0,2.0,1.0
The Streets Apartments,Alojamiento entero,177.0,Llegada a partir de las 15:00,Salida antes de las 11:00,,,4.82,305.0,1.0,1.0,2.0,1.0
Luminae Street,Alojamiento entero,113.0,Llegada a partir de las 15:00,Salida antes de las 11:00,70.0,"Barcelona, Catalunya, España",0.0,2.0,2.0,1.0,4.0,
Gimena Ana,Alojamiento entero,90.0,Horario de llegada: de 16:00 a 20:00,Salida antes de las 10:00,35.0,"Barcelona, Catalunya, España",4.72,173.0,2.0,1.0,2.0,1.0
Anya,Habitación,55.0,Horario de llegada: de 15:00 a 21:00,Salida antes de las 12:00,20.0,,4.75,116.0,1.0,,1.0,
Francesca,Alojamiento entero,130.0,Llegada a partir de las 15:00,Salida antes de las 10:00,65.0,,4.92,36.0,2.0,1.0,4.0,2.0
Sweett,Alojamiento entero,128.0,Horario de llegada: de 16:00 a 23:00,Salida antes de las 11:00,60.0,"Barcelona, Catalunya, España",0.0,2.0,3.0,2.0,4.0,3.0
Teo,Habitación,31.0,Horario de llegada: de 14:00 a 23:00,Salida antes de las 12:00,12.0,,4.52,269.0,1.0,,1.0,
Lina Maria,Habitación,25.0,Horario de llegada: de 16:00 a 21:00,Salida antes de las 12:00,5.0,"Barcelona, Catalunya, España",4.6,191.0,1.0,,1.0,
The Moods,Habitación,180.0,Llegada a partir de las 15:00,Salida antes de las 12:00,,"Plaça de Ramon Berenguer el Gran, 2, 08002 Barcelona, Spain",4.8,1382.0,1.0,1.0,2.0,1.0
Home Advice Spain,Alojamiento entero,158.0,Llegada a partir de las 16:00,Salida antes de las 10:00,,"Barcelona, Catalunya, España",4.63,19.0,1.0,1.0,4.0,1.0
Eli,Habitación,55.0,Horario de llegada: de 16:00 a 0:00,Salida antes de las 12:00,20.0,"Barcelona, Catalunya, España",4.48,21.0,2.0,,4.0,
Alvaro,Habitación,50.0,Llegada a partir de las 15:00,Salida antes de las 11:00,20.0,,4.59,106.0,1.0,,2.0,
Gimena Ana,Alojamiento entero,88.0,Horario de llegada: de 16:00 a 20:00,Salida antes de las 10:00,35.0,,4.72,43.0,2.0,1.0,3.0,2.0
Leo,Habitación,45.0,Llegada a partir de las 15:00,Salida antes de las 11:00,20.0,"Barcelona, Catalunya, España",4.74,99.0,1.0,,2.0,
Maria,Alojamiento entero,117.0,Llegada a partir de las 15:00,Salida antes de las 12:00,70.0,"Barcelona, Catalunya, España",0.0,0.0,4.0,1.0,3.0,2.0
Marita,Alojamiento entero,170.0,Horario de llegada: de 13:00 a 22:00,Salida antes de las 10:00,60.0,,0.0,0.0,1.0,1.0,2.0,1.0
Anna,Habitación,99.0,Llegada a partir de las 14:00,Salida antes de las 11:00,,"Carrer d'En Fontrodona, 08004 Barcelona, Barcelona, Spain",4.48,609.0,1.0,1.0,2.0,1.0
Sandra,Alojamiento entero,109.0,Horario de llegada: de 15:00 a 20:00,Salida antes de las 11:00,95.0,,4.29,87.0,5.0,1.0,5.0,2.0
Vero,Habitación,31.0,Horario de llegada: de 15:00 a 20:00,Salida antes de las 12:00,45.0,"Barcelona, Catalunya, España",0.0,0.0,1.0,,1.0,
Georgina,Alojamiento entero,122.0,Llegada a partir de las 15:00,Salida antes de las 11:00,50.0,"Barcelona, Catalunya, España",4.33,411.0,5.0,1.0,6.0,2.0
Rob,Habitación,49.0,Llegada a partir de las 14:00,Salida antes de las 11:00,20.0,,4.53,75.0,1.0,,1.0,
Ezequiel,Habitación,30.0,Horario de llegada: de 15:00 a 22:00,Salida antes de las 10:00,18.0,,4.76,268.0,1.0,,1.0,
Maria,Alojamiento entero,135.0,Horario de llegada: de 13:00 a 21:00,Salida antes de las 10:00,50.0,,0.0,0.0,3.0,1.5,6.0,2.0
Vero,Habitación,32.0,Horario de llegada: de 15:00 a 20:00,Salida antes de las 12:00,40.0,"Barcelona, Catalunya, España",0.0,0.0,1.0,1.5,1.0,
Andre,Alojamiento entero,102.0,Llegada a partir de las 15:00,Salida antes de las 11:00,50.0,,0.0,0.0,4.0,1.0,4.0,2.0
Manuel,Habitación,36.0,Llegada a partir de las 15:00,Salida antes de las 10:00,31.0,"Barcelona, Catalunya, España",4.56,34.0,1.0,,1.0,
Camila,Habitación,36.0,Horario de llegada: de 13:00 a 22:00,Salida antes de las 11:00,31.0,"Barcelona, Catalunya, España",4.54,78.0,1.0,,1.0,
Jan Christopher,Habitación,60.0,Horario de llegada: de 17:00 a 21:00,Salida antes de las 12:00,51.0,,0.0,0.0,1.0,,1.0,
Alexandre,Alojamiento entero,131.0,Horario de llegada: de 14:00 a 16:00,Salida antes de las 11:00,80.0,,0.0,0.0,2.0,1.0,2.0,2.0
Yulia,Alojamiento entero,130.0,Horario de llegada: de 15:00 a 18:00,Salida antes de las 11:00,35.0,,0.0,0.0,4.0,1.0,3.0,2.0
Iggy,Habitación,45.0,Horario de llegada: de 14:00 a 20:00,Salida antes de las 10:00,38.0,"Barcelona, Catalunya, España",4.63,119.0,1.0,,2.0,
Susana,Alojamiento entero,100.0,Salida antes de las 11:00,Máximo 2 huéspedes,40.0,,0.0,0.0,1.0,1.0,2.0,1.0
Heleen & Rodrigo,Alojamiento entero,101.0,Horario de llegada: de 14:00 a 23:00,Salida antes de las 11:00,87.0,,4.69,589.0,1.0,1.5,3.0,1.0
The Streets Apartments,Alojamiento entero,292.0,Llegada a partir de las 15:00,Salida antes de las 11:00,,"Barcelona, Catalunya, España",0.0,0.0,2.0,2.0,4.0,2.0
Leandro,Habitación,55.0,Llegada a partir de las 12:00,Salida antes de las 10:00,47.0,"Barcelona, Catalunya, España",0.0,0.0,1.0,,2.0,
Pepe,Habitación,63.0,Llegada a partir de las 15:00,Salida antes de las 11:00,22.0,,0.0,0.0,1.0,,2.0,
Hostal,Habitación,73.0,Horario de llegada: de 15:00 a 22:00,Salida antes de las 11:00,,,4.78,58.0,1.0,1.0,1.0,1.0
Georgina,Alojamiento entero,126.0,Llegada a partir de las 15:00,Salida antes de las 11:00,25.0,"Barcelona, Catalunya, España",4.6,336.0,2.0,1.0,2.0,
Francesc,Alojamiento entero,110.0,Llegada a partir de las 14:00,Salida antes de las 11:00,60.0,"Barcelona, Catalunya, España",4.42,43.0,3.0,1.0,3.0,1.0
Laszlo,Habitación,60.0,Horario de llegada: de 15:00 a 0:00,Salida antes de las 10:00,10.0,"Barcelona, España",4.64,56.0,1.0,1.0,2.0,1.0
Marina & Jonathan,Alojamiento entero,115.0,Llegada a partir de las 15:00,Salida antes de las 11:00,75.0,,0.0,0.0,1.0,1.0,4.0,1.0
My Address,Alojamiento entero,77.0,Llegada a partir de las 15:00,Salida antes de las 11:00,90.0,,4.62,97.0,1.0,1.0,2.0,1.0
Som Nit Born,Habitación,108.0,Horario de llegada: de 15:00 a 18:00,Salida antes de las 11:00,,"Carrer de la Reina Cristina, 13, 08003 Barcelona, Spain",4.67,480.0,2.0,1.0,2.0,1.0
Leo,Habitación,40.0,Llegada a partir de las 15:00,Salida antes de las 11:00,15.0,,4.61,88.0,1.0,,2.0,
Stay Together Barcelona Apartments,Alojamiento entero,200.0,Horario de llegada: de 16:00 a 0:00,Salida antes de las 11:00,60.0,,0.0,0.0,8.0,2.0,9.0,3.0
Galyna,Alojamiento entero,130.0,Llegada a partir de las 14:00,Salida antes de las 11:00,50.0,"Barcelona, Catalunya, España",0.0,0.0,2.0,1.0,4.0,2.0
Samanta,Alojamiento entero,92.0,Horario de llegada: de 15:00 a 22:00,Salida antes de las 10:00,60.0,"Barcelona, Catalunya, España",4.63,258.0,4.0,2.0,6.0,3.0
Silvia,Alojamiento entero,95.0,Llegada a partir de las 14:00,Salida antes de las 11:00,,,4.45,284.0,3.0,1.0,2.0,1.0
Francesc,Alojamiento entero,110.0,Llegada a partir de las 14:00,Salida antes de las 11:00,60.0,"Barcelona, Catalunya, España",4.6,50.0,3.0,1.0,3.0,1.0
Phil And Fiona,Alojamiento entero,99.0,Horario de llegada: de 15:00 a 23:00,Salida antes de las 11:00,100.0,,4.74,392.0,3.0,1.0,6.0,3.0
Bellart,Alojamiento entero,180.0,Horario de llegada: de 13:00 a 23:00,Salida antes de las 11:00,,,4.85,165.0,6.0,2.0,6.0,4.0
Maria,Alojamiento entero,115.0,Horario de llegada: de 14:00 a 21:00,Salida antes de las 10:00,80.0,,4.56,234.0,5.0,1.5,5.0,3.0
Marcos,Habitación,61.0,Horario de llegada: de 15:00 a 20:00,Salida antes de las 10:00,,"Barcelona, Catalunya, España",0.0,2.0,1.0,,2.0,
Maria Isabel,Habitación,37.0,Horario de llegada: de 18:00 a 21:00,Salida antes de las 14:00,32.0,"Barcelona, Catalunya, España",0.0,0.0,1.0,,1.0,
Generator,Habitación,80.0,Horario de llegada: de 14:00 a 0:00,Salida antes de las 10:00,,,0.0,0.0,2.0,1.0,2.0,1.0
El Alma De Las Ramblas,Alojamiento entero,138.0,Llegada a partir de las 15:00,Salida antes de las 11:00,50.0,,0.0,0.0,1.0,1.0,2.0,
Sophia,Alojamiento entero,139.0,Horario de llegada: de 16:00 a 20:00,Salida antes de las 10:00,80.0,,4.85,398.0,5.0,1.0,6.0,3.0
Rosa,Alojamiento entero,96.0,Llegada a partir de las 14:00,Salida antes de las 11:00,30.0,,4.7,617.0,2.0,1.0,4.0,1.0
Stay U-Nique,Alojamiento entero,82.0,Llegada a partir de las 15:00,Salida antes de las 11:00,78.0,,4.52,64.0,1.0,1.0,2.0,1.0
Eva,Alojamiento entero,125.0,Llegada a partir de las 15:00,Salida antes de las 11:00,40.0,,0.0,0.0,3.0,1.0,4.0,2.0
Anna,Alojamiento entero,114.0,Llegada a partir de las 14:00,Salida antes de las 11:00,,,4.45,245.0,2.0,1.0,4.0,2.0
Roman,Alojamiento entero,80.0,Llegada a partir de las 15:00,Salida antes de las 12:00,68.0,"Barcelona, Catalunya, España",0.0,0.0,1.0,1.0,2.0,1.0
Alvand,Habitación,30.0,Llegada a partir de las 14:00,Salida antes de las 11:00,,"Barcelona, Catalunya, España",4.58,151.0,,3.0,8.0,
Lyonel,Alojamiento entero,105.0,Llegada a partir de las 15:00,Salida antes de las 12:00,90.0,,4.73,599.0,1.0,1.0,2.0,1.0
Andres Alejandro,Habitación,70.0,Horario de llegada: de 15:00 a 21:00,Salida antes de las 11:00,50.0,,0.0,0.0,2.0,,3.0,
Vhan,Alojamiento entero,122.0,Llegada a partir de las 14:00,Salida antes de las 12:00,50.0,"Barcelona, Catalunya, España",0.0,0.0,2.0,1.0,4.0,2.0
Loca Bcn,Alojamiento entero,85.0,Horario de llegada: de 15:00 a 19:00,Salida antes de las 11:00,125.0,"Barcelona, Catalunya, España",4.05,19.0,1.0,1.0,2.0,1.0
The Streets Apartments,Alojamiento entero,191.0,Llegada a partir de las 15:00,Salida antes de las 11:00,,"Barcelona, Catalunya, España",4.85,26.0,1.0,1.0,2.0,1.0
Francesc,Alojamiento entero,110.0,Llegada a partir de las 14:00,Salida antes de las 11:00,60.0,"Barcelona, Catalunya, España",4.51,39.0,2.0,1.0,3.0,1.0
Laszlo,Habitación,58.0,Horario de llegada: de 15:00 a 0:00,Salida antes de las 10:00,10.0,"Barcelona, España",4.72,47.0,1.0,,2.0,
Ines,otro,105.0,Llegada flexible,Salida antes de las 12:00,50.0,,4.75,60.0,2.0,1.5,3.0,1.0
Anna,Alojamiento entero,88.0,Llegada a partir de las 14:00,Salida antes de las 11:00,,,4.4,278.0,3.0,1.0,3.0,2.0
Alex,Habitación,40.0,Llegada a partir de las 14:00,Salida antes de las 11:00,49.0,"Barcelona, Catalunya, España",0.0,0.0,1.0,,1.0,
Yasha,Alojamiento entero,276.0,Horario de llegada: de 15:00 a 21:00,Salida antes de las 11:00,170.0,"Barcelona, Catalunya, España",0.0,0.0,3.0,1.0,4.0,2.0
Sebastian,Habitación,63.0,Horario de llegada: de 15:00 a 22:00,Salida antes de las 12:00,20.0,,4.7,140.0,1.0,,2.0,
Luis,Alojamiento entero,127.0,Horario de llegada: de 13:00 a 21:00,Salida antes de las 11:00,40.0,,4.65,313.0,4.0,1.0,5.0,2.0
Rick,Habitación,73.0,Llegada a partir de las 15:00,Salida antes de las 11:00,25.0,,4.75,36.0,1.0,,2.0,
Marcos,Habitación,51.0,Horario de llegada: de 15:00 a 20:00,Salida antes de las 11:00,,"Barcelona, Catalunya, España",5.0,3.0,1.0,,2.0,
Green House,Habitación,97.0,Llegada a partir de las 15:00,Salida antes de las 11:00,,,4.59,216.0,2.0,1.5,2.0,1.0
Caio,Habitación,35.0,Horario de llegada: de 9:00 a 23:00,Salida antes de las 12:00,10.0,,4.59,44.0,2.0,,2.0,
08028,Alojamiento entero,123.0,Llegada a partir de las 17:00,Salida antes de las 12:00,,,4.78,909.0,2.0,1.0,2.0,1.0
Urbany BCN Go,Habitación,30.0,Llegada a partir de las 15:00,Salida antes de las 10:00,,"Barcelona, Cataluña, España",4.1,214.0,1.0,,2.0,
Christopher,Alojamiento entero,250.0,Llegada a partir de las 15:00,Salida antes de las 11:00,,"Barcelona, Catalunya, España",0.0,0.0,3.0,2.0,7.0,2.0
Wesley,Habitación,50.0,Horario de llegada: de 14:00 a 16:00,Salida antes de las 12:00,43.0,,4.53,40.0,1.0,,2.0,
Carlos,Alojamiento entero,102.0,Horario de llegada: de 15:00 a 20:00,Salida antes de las 10:00,115.0,,0.0,0.0,3.0,1.0,5.0,2.0
Rosa  & Miguel,Alojamiento entero,115.0,Llegada a partir de las 16:00,Salida antes de las 11:00,90.0,,0.0,0.0,4.0,1.0,5.0,2.0
Jon,Habitación,45.0,Llegada flexible,Salida antes de las 11:00,38.0,"Barcelona, Catalunya, España",4.77,431.0,1.0,,2.0,
Fabiana,Habitación,60.0,Horario de llegada: de 15:00 a 2:00,Salida antes de las 12:00,20.0,"Barcelona, Catalunya, España",0.0,0.0,1.0,,2.0,
Rosa,Habitación,48.0,Llegada a partir de las 15:00,Salida antes de las 12:00,41.0,,0.0,0.0,2.0,,1.0,
Irene,Alojamiento entero,99.0,Llegada flexible,Salida antes de las 11:00,60.0,"Barcelona, Catalunya, España",4.87,412.0,2.0,1.0,3.0,1.0
Marcelo,Habitación,53.0,Horario de llegada: de 15:00 a 21:00,Salida antes de las 11:00,50.0,,0.0,0.0,2.0,,2.0,
Rosa Mª,Alojamiento entero,120.0,Horario de llegada: de 15:00 a 20:00,Salida antes de las 11:00,60.0,,0.0,0.0,4.0,1.0,5.0,3.0
Fontanella,Habitación,96.0,Llegada flexible,Salida antes de las 11:00,,"Barcelona, Catalunya, España",4.72,106.0,2.0,1.0,2.0,1.0
Mario,Habitación,25.0,Horario de llegada: de 14:00 a 18:00,Salida antes de las 11:00,21.0,"Barcelona, Catalunya, España",4.67,21.0,1.0,,1.0,
Rosita,Habitación,49.0,Horario de llegada: de 15:00 a 21:00,Salida antes de las 11:00,50.0,,0.0,0.0,1.0,,2.0,
Wally,Alojamiento entero,119.0,Llegada a partir de las 15:00,Salida antes de las 11:00,50.0,,0.0,0.0,3.0,2.0,4.0,2.0
Paola,Alojamiento entero,90.0,Horario de llegada: de 13:00 a 23:00,Salida antes de las 10:00,60.0,,4.49,594.0,4.0,2.0,5.0,4.0
Kenzo,Habitación,52.0,Horario de llegada: de 15:00 a 22:00,Salida antes de las 11:00,40.0,"Barcelona, Catalunya, España",4.33,21.0,2.0,,3.0,
Anna,Alojamiento entero,87.0,Llegada a partir de las 14:00,Salida antes de las 11:00,,,4.44,381.0,1.0,1.0,2.0,1.0
Raquel,Habitación,50.0,Horario de llegada: de 20:00 a 0:00,Salida antes de las 15:00,30.0,"Barcelona, Catalunya, España",4.63,68.0,1.0,,2.0,
Francesc,Alojamiento entero,110.0,Llegada a partir de las 14:00,Salida antes de las 11:00,60.0,,4.45,38.0,2.0,1.0,3.0,1.0
Martin,Habitación,51.0,Horario de llegada: de 14:00 a 0:00,Salida antes de las 10:00,10.0,,4.7,74.0,1.0,,1.0,
Bellart,Alojamiento entero,145.0,Horario de llegada: de 15:00 a 23:00,Salida antes de las 11:00,,,4.78,202.0,3.0,1.0,4.0,2.0
Silvia,Alojamiento entero,85.0,Llegada a partir de las 14:00,Salida antes de las 11:00,,,4.38,261.0,1.0,1.0,2.0,1.0
Diego,Habitación,54.0,Llegada a partir de las 15:00,Salida antes de las 11:00,50.0,,4.8,594.0,1.0,,2.0,
Miguel Angel,Alojamiento entero,96.0,Llegada a partir de las 15:00,Salida antes de las 11:00,82.0,"Barcelona, Catalunya, España",0.0,0.0,1.0,1.0,2.0,1.0
David Nicolas,Habitación,46.0,Llegada a partir de las 16:00,Salida antes de las 11:00,39.0,,4.69,29.0,1.0,,2.0,
Valentin,Alojamiento entero,136.0,Llegada a partir de las 12:00,Máximo 2 huéspedes,70.0,"Barcelona, España",0.0,2.0,1.0,1.0,2.0,1.0
Gloria,Alojamiento entero,110.0,Llegada a partir de las 15:00,Salida antes de las 12:00,94.0,,4.41,27.0,2.0,1.0,3.0,1.0
Fernando,Alojamiento entero,120.0,Llegada a partir de las 15:00,Salida antes de las 11:00,50.0,"Barcelona, Catalunya, España",0.0,0.0,3.0,1.0,6.0,2.0
Hostal,Habitación,68.0,Horario de llegada: de 14:00 a 2:00,Salida antes de las 11:00,,,4.71,92.0,1.0,1.0,2.0,1.0
Laszlo,Habitación,61.0,Horario de llegada: de 15:00 a 0:00,Salida antes de las 10:00,10.0,"Barcelona, España",4.67,46.0,1.0,,2.0,
Kade,Habitación,50.0,Horario de llegada: de 13:00 a 23:00,Salida antes de las 11:00,20.0,"Barcelona, Catalunya, España",4.86,37.0,1.0,,2.0,
David,Alojamiento entero,174.0,Llegada a partir de las 14:00,Salida antes de las 11:00,20.0,,0.0,0.0,2.0,1.0,4.0,2.0
Piia & Fernando,Alojamiento entero,61.0,Llegada a partir de las 15:00,Máximo 2 huéspedes,40.0,,4.44,36.0,1.0,1.0,2.0,1.0
Kristina,Alojamiento entero,231.0,Horario de llegada: de 15:00 a 0:00,Salida antes de las 11:00,40.0,"Barcelona, Catalunya, España",0.0,0.0,2.0,1.0,4.0,2.0
Reno,Habitación,54.0,Horario de llegada: de 14:00 a 23:00,Salida antes de las 11:00,25.0,"Barcelona, Catalunya, España",0.0,2.0,1.0,,2.0,
Ana,Alojamiento entero,55.0,Horario de llegada: de 11:00 a 19:00,Salida antes de las 10:00,185.0,,5.0,9.0,1.0,1.0,1.0,1.0
My Address,Alojamiento entero,113.0,Llegada a partir de las 15:00,Salida antes de las 11:00,90.0,,4.53,99.0,4.0,1.0,4.0,2.0
Francesc,Alojamiento entero,110.0,Llegada a partir de las 14:00,Salida antes de las 11:00,60.0,"Barcelona, Catalunya, España",4.66,47.0,2.0,1.0,3.0,1.0
Rosa,Alojamiento entero,190.0,Horario de llegada: de 14:00 a 1:00,Salida antes de las 11:00,40.0,,4.66,316.0,3.0,2.0,5.0,3.0
Lamarsó,Alojamiento entero,120.0,Llegada a partir de las 10:00,Salida antes de las 16:00,103.0,"Barcelona, Cataluña, España",0.0,0.0,2.0,2.0,4.0,2.0
Xavier,Alojamiento entero,149.0,Llegada a partir de las 15:00,Salida antes de las 11:00,153.0,"Barcelona, Cataluña, España",4.66,191.0,3.0,1.0,5.0,3.0
Viki,Alojamiento entero,110.0,Llegada a partir de las 15:00,Salida antes de las 11:00,50.0,,4.75,36.0,,2.0,3.0,2.0
Camila,Habitación,40.0,Horario de llegada: de 14:00 a 22:00,Salida antes de las 11:00,34.0,"Barcelona, Catalunya, España",4.57,46.0,1.0,,1.0,
Ola,Alojamiento entero,109.0,Horario de llegada: de 15:00 a 20:00,Salida antes de las 11:00,,"Barcelona, Catalunya, España",4.31,95.0,1.0,1.0,2.0,
Camila,Habitación,44.0,Horario de llegada: de 14:00 a 22:00,Salida antes de las 11:00,38.0,"Barcelona, Catalunya, España",4.57,100.0,1.0,,2.0,
Nicolas,Habitación,46.0,Horario de llegada: de 15:00 a 22:00,Salida antes de las 11:00,39.0,"Barcelona, Catalunya, España",0.0,0.0,1.0,,2.0,
Hola,Habitación,29.0,Horario de llegada: de 14:00 a 2:00,Salida antes de las 11:00,,,4.47,2190.0,1.0,5.0,1.0,
Carlos,Alojamiento entero,102.0,Horario de llegada: de 15:00 a 20:00,Salida antes de las 10:00,115.0,,0.0,0.0,3.0,1.0,5.0,2.0
Mery,Alojamiento entero,100.0,Llegada a partir de las 17:00,Salida antes de las 12:00,50.0,,0.0,0.0,4.0,1.0,6.0,3.0
Sata Sagrada Familia,Alojamiento entero,117.0,Llegada a partir de las 15:00,Salida antes de las 10:00,,,4.56,527.0,4.0,1.0,4.0,2.0
Fernando,Alojamiento entero,97.0,Llegada a partir de las 15:00,Salida antes de las 11:00,125.0,"Barcelona, Catalunya, España",4.66,147.0,3.0,1.0,4.0,2.0
Generator,Habitación,80.0,Horario de llegada: de 14:00 a 0:00,Salida antes de las 10:00,,,0.0,0.0,2.0,1.0,2.0,1.0
St Christophers Barcelona,Habitación,31.0,Llegada a partir de las 15:00,Salida antes de las 11:00,,"Barcelona, España",4.4,989.0,1.0,,1.0,
Unite Hostel,Habitación,26.0,Llegada a partir de las 14:00,Salida antes de las 11:00,,,4.46,2770.0,1.0,,1.0,
Green House,Habitación,74.0,Llegada a partir de las 15:00,Salida antes de las 11:00,,,4.49,204.0,2.0,1.5,2.0,1.0
Lfdg Hostels,Habitación,25.0,Horario de llegada: de 15:00 a 2:00,Salida antes de las 11:00,,"Barcelona, Catalunya, España",4.54,353.0,12.0,,1.0,
Alerson,Habitación,46.0,Horario de llegada: de 14:00 a 21:00,Salida antes de las 10:00,15.0,"Barcelona, Catalunya, España",0.0,2.0,1.0,,2.0,
Casa Valeta,Alojamiento entero,162.0,Llegada a partir de las 15:00,Salida antes de las 11:00,138.0,,0.0,0.0,3.0,2.0,4.0,2.0
Casa Lolita,Habitación,83.0,Llegada a partir de las 15:00,Salida antes de las 11:00,,,4.6,169.0,1.0,1.0,2.0,1.0
Jordi,Alojamiento entero,109.0,Llegada a partir de las 14:00,Salida antes de las 11:00,33.0,,4.81,311.0,2.0,1.0,4.0,1.0
Irina,Habitación,50.0,Máximo 1 huésped,No consta que el alojamiento tenga un detector de monóxido de carbono,40.0,,0.0,0.0,1.0,,1.0,
Cleudes,Habitación,36.0,Horario de llegada: de 15:00 a 22:00,Salida antes de las 9:00,20.0,"Barcelona, Catalunya, España",0.0,2.0,1.0,,2.0,
Pablo EX,Alojamiento entero,108.0,Horario de llegada: de 15:00 a 20:00,Salida antes de las 11:00,50.0,,4.63,876.0,3.0,1.0,3.0,2.0
Generator,Habitación,29.0,Horario de llegada: de 14:00 a 0:00,Salida antes de las 10:00,,,4.75,4.0,,,1.0,
Lina Maria,Habitación,25.0,Horario de llegada: de 16:00 a 21:00,Salida antes de las 12:00,5.0,"Barcelona, Catalunya, España",4.6,191.0,1.0,,1.0,
Lfdg Hostels,Habitación,26.0,Horario de llegada: de 15:00 a 2:00,Salida antes de las 11:00,,"Barcelona, Catalunya, España",4.6,423.0,10.0,,1.0,
Green House,Habitación,97.0,Llegada a partir de las 15:00,Salida antes de las 11:00,,,4.59,216.0,2.0,1.5,2.0,1.0
Generator,Habitación,25.0,Horario de llegada: de 14:00 a 0:00,Salida antes de las 10:00,,,4.75,4.0,,,1.0,
Valentina Sofia,Habitación,45.0,Horario de llegada: de 15:00 a 23:00,Salida antes de las 11:00,20.0,"Barcelona, Catalunya, España",0.0,0.0,1.0,,2.0,
Ola,Alojamiento entero,136.0,Horario de llegada: de 15:00 a 23:00,Salida antes de las 11:00,,"Barcelona, Catalunya, España",4.53,213.0,6.0,2.0,7.0,4.0
Roberto,Alojamiento entero,83.0,Llegada a partir de las 15:00,Salida antes de las 12:00,54.0,,4.6,384.0,3.0,1.0,4.0,2.0
Michel,Alojamiento entero,85.0,Horario de llegada: de 13:00 a 23:00,Salida antes de las 12:00,73.0,,4.31,16.0,1.0,1.0,2.0,1.0
Joar,Habitación,46.0,Llegada a partir de las 10:00,Salida antes de las 12:00,10.0,"Barcelona, Catalunya, España",0.0,0.0,1.0,,2.0,
Junith,Alojamiento entero,100.0,Horario de llegada: de 15:00 a 19:00,Salida antes de las 11:00,60.0,"Barcelona, Catalunya, España",4.63,8.0,3.0,2.0,5.0,3.0
Melissa,Alojamiento entero,128.0,Llegada a partir de las 15:00,Salida antes de las 12:00,50.0,,0.0,0.0,1.0,1.0,4.0,1.0
Alerson,Habitación,46.0,Horario de llegada: de 14:00 a 21:00,Salida antes de las 10:00,15.0,"Barcelona, Catalunya, España",0.0,0.0,2.0,,2.0,
Miriam,Alojamiento entero,131.0,Horario de llegada: de 14:00 a 22:00,Salida antes de las 11:00,,"Barcelona, España",4.77,632.0,3.0,1.0,4.0,2.0
Praktik,Habitación,122.0,Horario de llegada: de 14:00 a 0:00,Salida antes de las 12:00,,,4.77,1213.0,1.0,1.0,2.0,1.0
Maria,Alojamiento entero,143.0,Horario de llegada: de 15:00 a 21:00,Salida antes de las 12:00,55.0,,4.81,440.0,4.0,2.0,4.0,2.0
Kristina,Habitación,46.0,Horario de llegada: de 16:00 a 20:00,Salida antes de las 11:00,25.0,"Barcelona, Cataluña, España",3.33,3.0,1.0,,2.0,
Julia,Alojamiento entero,100.0,Llegada a partir de las 15:00,Salida antes de las 11:00,35.0,,4.36,560.0,2.0,1.0,5.0,2.0
Antonio Ivanildo,Habitación,49.0,Horario de llegada: de 15:00 a 0:00,Salida antes de las 10:00,,"Barcelona, Catalunya, España",4.4,10.0,1.0,,2.0,
Robinson,Alojamiento entero,108.0,Máximo 6 huéspedes,No consta que el alojamiento tenga un detector de monóxido de carbono,92.0,"Barcelona, Catalunya, España",0.0,0.0,3.0,2.0,6.0,3.0
Generator,Habitación,32.0,Horario de llegada: de 14:00 a 0:00,Salida antes de las 10:00,,,4.31,949.0,,,1.0,
Casp Green,Habitación,91.0,Llegada a partir de las 15:00,Salida antes de las 11:00,,"Barcelona, Catalunya, España",4.41,152.0,2.0,1.0,2.0,1.0
Sant Jordi Hostels,Habitación,26.0,Horario de llegada: de 14:00 a 0:00,Salida antes de las 11:00,,,4.78,36.0,,,1.0,
Jane,Alojamiento entero,70.0,Llegada a partir de las 15:00,Salida antes de las 11:00,30.0,"Barcelona, Catalunya, España",4.41,46.0,,1.0,2.0,1.0
Apartamentos,Alojamiento entero,76.0,Horario de llegada: de 15:00 a 23:00,Salida antes de las 11:00,61.0,"Barcelona, Catalunya, España",4.4,87.0,2.0,1.0,3.0,1.0
Anders,Alojamiento entero,79.0,Horario de llegada: de 14:00 a 21:00,Salida antes de las 10:00,60.0,,4.6,436.0,4.0,1.0,4.0,2.0
Miguel Ángel,Alojamiento entero,110.0,Horario de llegada: de 14:00 a 1:00,Salida antes de las 12:00,50.0,"Barcelona, Catalunya, España",0.0,0.0,3.0,1.0,4.0,2.0
Johan,Habitación,55.0,Horario de llegada: de 13:00 a 22:00,Salida antes de las 11:00,10.0,"Barcelona, Catalunya, España",0.0,0.0,1.0,,2.0,
Jose Luis,Alojamiento entero,160.0,Horario de llegada: de 15:00 a 0:00,Salida antes de las 11:00,60.0,,0.0,0.0,2.0,2.0,4.0,2.0
Irlanda Elizabeth,Habitación,60.0,Llegada a partir de las 13:00,Salida antes de las 12:00,51.0,"Barcelona, Catalunya, España",0.0,0.0,1.0,,2.0,
Fernando,Alojamiento entero,104.0,Llegada a partir de las 16:00,Salida antes de las 11:00,145.0,"Barcelona, Cataluña, España",4.49,183.0,3.0,2.0,6.0,3.0
Angeles,Alojamiento entero,100.0,Llegada a partir de las 16:00,Salida antes de las 11:00,60.0,,0.0,0.0,2.0,1.0,3.0,1.0
Mo,Alojamiento entero,120.0,Llegada a partir de las 14:00,Salida antes de las 11:00,40.0,,4.84,480.0,3.0,2.0,4.0,2.0
Kristina,Habitación,30.0,Horario de llegada: de 16:00 a 20:00,Salida antes de las 11:00,20.0,"Barcelona, Catalunya, España",0.0,0.0,1.0,,1.0,
Carmen,Alojamiento entero,130.0,Máximo 3 huéspedes,No consta que el alojamiento tenga un detector de monóxido de carbono,30.0,"Barcelona, Catalunya, España",0.0,0.0,1.0,1.0,3.0,1.0
Vivi,Habitación,62.0,Llegada a partir de las 15:00,Salida antes de las 11:00,53.0,"Barcelona, Catalunya, España",4.56,25.0,1.0,,1.0,
Fernando,Alojamiento entero,90.0,Llegada a partir de las 16:00,Salida antes de las 11:00,110.0,"Barcelona, Catalunya, España",4.59,91.0,2.0,1.5,4.0,2.0
Barcelona Urbany Hostel,Habitación,23.0,Llegada a partir de las 15:00,Salida antes de las 10:00,,"Barcelona, Catalunya, España",4.23,364.0,,,1.0,
Casa Valeta,Alojamiento entero,121.0,Llegada a partir de las 15:00,Salida antes de las 11:00,104.0,"Barcelona, Catalunya, España",0.0,0.0,1.0,1.5,2.0,1.0
Kristina,Habitación,44.0,Horario de llegada: de 16:00 a 20:00,Salida antes de las 11:00,20.0,"Barcelona, Catalunya, España",0.0,2.0,1.0,,2.0,
David,Alojamiento entero,174.0,Llegada a partir de las 14:00,Salida antes de las 11:00,20.0,,0.0,0.0,2.0,1.0,4.0,2.0
Xavier,Alojamiento entero,102.0,Horario de llegada: de 11:00 a 22:00,Salida antes de las 11:00,30.0,,4.52,376.0,3.0,1.0,4.0,3.0
Homeaway,Habitación,62.0,Llegada a partir de las 13:00,Máximo 1 huésped,20.0,"Barcelona, Cataluña, España",0.0,2.0,1.0,,1.0,
Roman,Alojamiento entero,115.0,Llegada a partir de las 15:00,Salida antes de las 10:00,50.0,"Barcelona, Catalunya, España",0.0,0.0,1.0,1.0,4.0,1.0
Natalia,Alojamiento entero,125.0,Horario de llegada: de 16:00 a 22:00,Salida antes de las 12:00,60.0,,4.82,380.0,2.0,1.0,4.0,2.0
Som Nit Triomf,Habitación,101.0,Horario de llegada: de 15:00 a 23:00,Salida antes de las 11:00,,,4.49,1203.0,,1.0,2.0,1.0
Georgina,Alojamiento entero,108.0,Llegada a partir de las 15:00,Salida antes de las 11:00,25.0,"Barcelona, Catalunya, España",4.51,451.0,3.0,1.0,4.0,1.0
The Moods Oasis,Habitación,103.0,Llegada a partir de las 15:00,Salida antes de las 12:00,,,4.81,277.0,1.0,1.0,2.0,1.0
Irlanda Elizabeth,Habitación,60.0,Máximo 2 huéspedes,No consta que el alojamiento tenga un detector de monóxido de carbono,51.0,"Barcelona, Catalunya, España",0.0,0.0,1.0,,2.0,
Chicandbasic Reding,Habitación,131.0,Llegada a partir de las 15:00,Salida antes de las 12:00,,,4.71,592.0,1.0,1.0,2.0,1.0
Nanou,Alojamiento entero,85.0,Llegada a partir de las 15:00,Salida antes de las 12:00,35.0,"Barcelona, Catalunya, España",4.33,27.0,1.0,1.0,2.0,
David,Habitación,46.0,Horario de llegada: de 17:00 a 2:00,Salida antes de las 11:00,15.0,"Barcelona, Catalunya, España",0.0,0.0,1.0,,1.0,
Bailen,Habitación,74.0,Llegada flexible,Salida antes de las 11:00,,,4.62,99.0,2.0,1.0,2.0,1.0
Montserrat,Alojamiento entero,94.0,Llegada flexible,Salida antes de las 11:00,110.0,,4.64,33.0,3.0,1.5,4.0,3.0
Amir Hossein,Alojamiento entero,145.0,Horario de llegada: de 15:00 a 18:00,Salida antes de las 11:00,80.0,"Barcelona, Catalunya, España",0.0,0.0,3.0,2.0,7.0,3.0
Tal,Alojamiento entero,118.0,Horario de llegada: de 15:00 a 20:00,Salida antes de las 11:00,55.0,,4.54,296.0,3.0,1.0,4.0,2.0
Carlos,Alojamiento entero,101.0,Horario de llegada: de 15:00 a 0:00,Salida antes de las 10:00,130.0,,4.88,86.0,4.0,1.0,4.0,1.0
Ricard Y Vero,Alojamiento entero,89.0,Horario de llegada: de 15:00 a 22:00,Salida antes de las 10:00,65.0,,4.65,202.0,2.0,1.0,2.0,1.0
Giovanna,Habitación,50.0,Horario de llegada: de 16:00 a 20:00,Salida antes de las 12:00,10.0,"Barcelona, Catalunya, España",0.0,0.0,1.0,,2.0,
Anthony,Habitación,38.0,Máximo 2 huéspedes,No consta que el alojamiento tenga un detector de monóxido de carbono,32.0,"Barcelona, Catalunya, España",0.0,0.0,1.0,,2.0,
Patio De Gala,Alojamiento entero,117.0,Llegada a partir de las 15:00,Salida antes de las 11:00,104.0,,4.65,103.0,4.0,2.0,6.0,2.0
Mate,Habitación,24.0,Horario de llegada: de 12:00 a 14:00,Salida antes de las 10:00,5.0,"Barcelona, Catalunya, España",4.5,8.0,2.0,,2.0,3.0
Ramon,Alojamiento entero,132.0,Horario de llegada: de 15:00 a 23:00,Salida antes de las 11:00,70.0,"Barcelona, Cataluña, España",4.68,146.0,2.0,1.0,5.0,2.0
Jorge,Habitación,42.0,Llegada a partir de las 15:00,Salida antes de las 11:00,36.0,"Barcelona, Catalunya, España",4.81,59.0,1.0,,2.0,
Mariona,Alojamiento entero,153.0,Horario de llegada: de 14:00 a 20:00,Salida antes de las 11:00,70.0,,0.0,0.0,3.0,3.0,6.0,3.0
David,Alojamiento entero,102.0,Llegada a partir de las 15:00,Salida antes de las 12:00,50.0,,4.82,289.0,1.0,1.0,2.0,1.0
Ele,Habitación,56.0,Horario de llegada: de 14:00 a 21:00,Salida antes de las 12:00,48.0,"Barcelona, Catalunya, España",5.0,4.0,2.0,1.0,1.0,1.0
Joan,Alojamiento entero,95.0,Horario de llegada: de 14:00 a 22:00,Salida antes de las 11:00,81.0,,4.55,511.0,3.0,1.0,5.0,2.0
Amanda,Alojamiento entero,224.0,Llegada a partir de las 15:00,Salida antes de las 11:00,191.0,,0.0,0.0,3.0,2.0,5.0,3.0
Mari,Habitación,52.0,Llegada a partir de las 13:00,Salida antes de las 10:00,15.0,"Barcelona, Catalunya, España",0.0,0.0,1.0,,1.0,
Raquel,Habitación,115.0,Llegada a partir de las 15:00,Máximo 2 huéspedes,20.0,"Barcelona, Catalunya, España",5.0,4.0,1.0,1.0,2.0,1.0
Piia & Fernando,Alojamiento entero,72.0,Horario de llegada: de 14:00 a 21:00,Salida antes de las 12:00,50.0,,4.22,132.0,2.0,1.0,4.0,2.0
Max,Alojamiento entero,174.0,Llegada a partir de las 16:00,Salida antes de las 12:00,80.0,,4.8,300.0,3.0,1.0,5.0,2.0
Pep,Alojamiento entero,80.0,Llegada a partir de las 14:00,Salida antes de las 12:00,60.0,,4.78,594.0,2.0,1.0,3.0,1.0
Fernando,Alojamiento entero,120.0,Llegada a partir de las 15:00,Salida antes de las 11:00,50.0,"Barcelona, Catalunya, España",0.0,0.0,3.0,1.0,6.0,2.0
Lu,Habitación,41.0,Horario de llegada: de 15:00 a 0:00,Salida antes de las 11:00,10.0,"Barcelona, Catalunya, España",4.86,7.0,1.0,,1.0,
Hostal,Habitación,101.0,Horario de llegada: de 15:00 a 22:00,Salida antes de las 11:00,,,4.79,126.0,3.0,1.0,3.0,1.0
Juanca,Habitación,45.0,Llegada a partir de las 14:00,Salida antes de las 11:00,5.0,"Barcelona, Catalunya, España",0.0,0.0,1.0,,1.0,
Lorenzo,Habitación,92.0,Llegada a partir de las 15:00,Salida antes de las 12:00,,"Barcelona, Catalunya, España",4.8,277.0,1.0,1.0,2.0,1.0
Carmen Luisa,Habitación,47.0,Horario de llegada: de 15:00 a 21:00,Salida antes de las 11:00,50.0,,0.0,0.0,2.0,,2.0,
Daniel,Alojamiento entero,170.0,Llegada a partir de las 15:00,Salida antes de las 10:00,50.0,,0.0,0.0,3.0,2.0,5.0,3.0
Joaquin,Alojamiento entero,63.0,Llegada a partir de las 15:00,Salida antes de las 11:00,97.0,"Barcelona, Cataluña, España",4.63,378.0,2.0,1.0,4.0,2.0
Pablo VI,Alojamiento entero,110.0,Horario de llegada: de 15:00 a 20:00,Salida antes de las 11:00,55.0,,4.67,633.0,2.0,1.0,4.0,1.0
Angelica,Habitación,49.0,Horario de llegada: de 14:00 a 16:00,Salida antes de las 11:00,42.0,"Barcelona, Catalunya, España",4.67,169.0,1.0,,1.0,
Rosa,Alojamiento entero,96.0,Llegada a partir de las 14:00,Salida antes de las 11:00,30.0,"Barcelona, Cataluña, España",4.75,702.0,1.0,1.0,2.0,1.0
Amra,Habitación,103.0,Horario de llegada: de 14:00 a 22:00,Salida antes de las 11:00,,,4.75,272.0,2.0,1.0,3.0,1.0
Joaquin,Alojamiento entero,78.0,Llegada a partir de las 15:00,Salida antes de las 11:00,97.0,"Barcelona, Cataluña, España",4.62,427.0,2.0,1.0,4.0,2.0
Lorenzo,Habitación,86.0,Llegada a partir de las 15:00,Salida antes de las 12:00,,,4.83,310.0,1.0,,2.0,1.0
Jordi,Alojamiento entero,147.0,Horario de llegada: de 13:00 a 0:00,Salida antes de las 11:00,35.0,,4.84,848.0,2.0,1.0,6.0,2.0
Sweett,Alojamiento entero,128.0,Horario de llegada: de 16:00 a 23:00,Salida antes de las 11:00,60.0,"Barcelona, Catalunya, España",0.0,2.0,3.0,2.0,4.0,3.0
Maria,Alojamiento entero,115.0,Horario de llegada: de 14:00 a 21:00,Salida antes de las 10:00,80.0,,4.56,234.0,5.0,1.5,5.0,3.0
Kristina,Habitación,48.0,Horario de llegada: de 16:00 a 20:00,Salida antes de las 11:00,25.0,"Barcelona, Catalunya, España",0.0,0.0,2.0,,2.0,
Fabricio,Habitación,52.0,Llegada a partir de las 15:00,Salida antes de las 12:00,44.0,"Barcelona, Catalunya, España",0.0,0.0,1.0,,1.0,
Fontanella,Habitación,82.0,Llegada flexible,Salida antes de las 11:00,,,4.69,160.0,2.0,1.0,2.0,1.0
Fernando,Alojamiento entero,123.0,Llegada a partir de las 16:00,Salida antes de las 11:00,155.0,"Barcelona, Catalunya, España",4.81,67.0,2.0,2.0,4.0,2.0
Eva,Alojamiento entero,125.0,Llegada a partir de las 15:00,Salida antes de las 11:00,40.0,,0.0,0.0,3.0,1.0,4.0,2.0
Antonio Ivanildo,Habitación,68.0,Horario de llegada: de 15:00 a 20:00,Salida antes de las 10:00,10.0,"Barcelona, Catalunya, España",4.57,7.0,,,2.0,1.0
Pado,Alojamiento entero,142.0,Llegada a partir de las 15:00,Salida antes de las 11:00,50.0,"Barcelona, Catalunya, España",0.0,0.0,1.0,1.0,2.0,1.0
Badajoz,Alojamiento entero,110.0,Llegada a partir de las 15:00,Salida antes de las 11:00,60.0,"Barcelona, Catalunya, España",0.0,0.0,6.0,2.0,6.0,3.0
Vanessa,Alojamiento entero,120.0,Horario de llegada: de 15:00 a 21:00,Salida antes de las 11:00,107.0,,4.7,147.0,3.0,1.0,4.0,2.0
Gloria,Alojamiento entero,141.0,Horario de llegada: de 16:00 a 19:00,Salida antes de las 11:00,120.0,,0.0,0.0,3.0,2.0,6.0,2.0
Enrique,Alojamiento entero,108.0,Llegada a partir de las 15:00,Salida antes de las 11:00,97.0,"Barcelona, Catalunya, España",4.74,19.0,3.0,1.0,4.0,2.0
Marta+Paul,Alojamiento entero,184.0,Llegada a partir de las 15:00,Salida antes de las 11:00,120.0,,4.67,221.0,7.0,4.0,10.0,4.0
BLAU Student Housing,Alojamiento entero,109.0,Llegada a partir de las 16:00,Salida antes de las 12:00,35.0,"Barcelona, Catalunya, España",0.0,0.0,1.0,1.0,1.0,1.0
Boutique Apartments,Alojamiento entero,143.0,Llegada a partir de las 16:00,Salida antes de las 11:00,,,0.0,0.0,1.0,1.0,2.0,1.0
Hostal,Habitación,73.0,Horario de llegada: de 15:00 a 22:00,Salida antes de las 11:00,,,4.78,58.0,1.0,1.0,1.0,1.0
Jing,Alojamiento entero,70.0,Llegada a partir de las 14:00,Salida antes de las 11:00,40.0,"Barcelona, Catalunya, España",0.0,2.0,1.0,1.0,3.0,1.0
María,Habitación,134.0,Horario de llegada: de 15:00 a 21:00,Salida antes de las 10:00,,"Barcelona, Catalunya, España",0.0,0.0,4.0,1.0,4.0,1.0
Yeni,Alojamiento entero,150.0,Llegada flexible,Salida antes de las 10:00,55.0,"Barcelona, Cataluña, España",0.0,0.0,4.0,1.0,5.0,3.0
Jordi,Alojamiento entero,110.0,Horario de llegada: de 13:00 a 0:00,Salida antes de las 11:00,33.0,,4.85,681.0,2.0,1.0,4.0,1.0
Alessio,Alojamiento entero,90.0,Horario de llegada: de 16:00 a 20:00,Salida antes de las 12:00,50.0,,4.86,267.0,3.0,1.0,4.0,2.0
Ester,Alojamiento entero,160.0,Horario de llegada: de 15:00 a 20:00,Salida antes de las 11:00,110.0,,0.0,0.0,4.0,2.0,5.0,3.0
Kristina,Habitación,27.0,Horario de llegada: de 16:00 a 20:00,Salida antes de las 11:00,20.0,"Barcelona, Catalunya, España",4.67,6.0,1.0,,2.0,
Raffaele,Alojamiento entero,115.0,Llegada a partir de las 15:00,Salida antes de las 11:00,70.0,"Barcelona, Catalunya, España",5.0,3.0,1.0,1.0,2.0,1.0
Anders,Alojamiento entero,76.0,Horario de llegada: de 14:00 a 21:00,Salida antes de las 10:00,50.0,,4.61,469.0,2.0,1.0,3.0,2.0
Sarah,Alojamiento entero,98.0,Llegada a partir de las 15:00,Salida antes de las 11:00,60.0,,4.7,526.0,2.0,1.0,2.0,1.0
Ola,Habitación,78.0,Horario de llegada: de 15:00 a 20:00,Salida antes de las 12:00,,"Barcelona, Catalunya, España",4.21,61.0,1.0,1.0,2.0,
Marta,Alojamiento entero,112.0,Horario de llegada: de 15:00 a 20:00,Salida antes de las 11:00,45.0,,4.68,196.0,3.0,1.0,4.0,2.0
Wally,Alojamiento entero,119.0,Llegada a partir de las 15:00,Salida antes de las 11:00,50.0,,0.0,0.0,3.0,2.0,4.0,2.0
Fernando,Alojamiento entero,83.0,Llegada a partir de las 16:00,Salida antes de las 11:00,185.0,,4.67,287.0,6.0,3.0,8.0,4.0
Lola,Alojamiento entero,200.0,Llegada a partir de las 16:00,Salida antes de las 10:00,75.0,,0.0,0.0,4.0,2.0,8.0,3.0
The Streets Apartments,Alojamiento entero,176.0,Llegada a partir de las 15:00,Salida antes de las 11:00,,,4.51,280.0,3.0,2.0,6.0,3.0
Ana,Alojamiento entero,99.0,Salida antes de las 11:00,Máximo 4 huéspedes,35.0,,4.77,314.0,2.0,1.0,4.0,1.0
Carlos,Alojamiento entero,76.0,Llegada a partir de las 15:00,Máximo 2 huéspedes,50.0,"Barcelona, Catalunya, España",4.4,20.0,1.0,,2.0,1.0
Apart-Suites,Alojamiento entero,165.0,Horario de llegada: de 15:00 a 0:00,Salida antes de las 11:00,40.0,"Eixample, Barcelona, España",4.85,1036.0,3.0,1.0,4.0,2.0
Diana,Alojamiento entero,70.0,Llegada a partir de las 15:00,Salida antes de las 11:00,50.0,"Barcelona, Catalunya, España",0.0,0.0,5.0,1.0,6.0,2.0
Ingrid,Alojamiento entero,143.0,Horario de llegada: de 14:00 a 22:00,Salida antes de las 11:00,40.0,,4.85,442.0,1.0,1.0,2.0,1.0
Ángel,Alojamiento entero,105.0,Horario de llegada: de 15:00 a 0:00,Salida antes de las 11:00,70.0,,4.51,199.0,3.0,1.0,4.0,3.0
Núria,Alojamiento entero,113.0,Horario de llegada: de 14:00 a 21:00,Salida antes de las 11:00,70.0,"Barcelona, Catalunya, España",0.0,0.0,3.0,1.5,4.0,2.0
Alex,Habitación,46.0,Llegada a partir de las 14:00,Salida antes de las 11:00,39.0,"Barcelona, Catalunya, España",4.81,74.0,1.0,,1.0,
Gloria,Alojamiento entero,100.0,Llegada a partir de las 15:00,Salida antes de las 12:00,85.0,,4.82,56.0,1.0,1.0,3.0,1.0
Maria,Alojamiento entero,202.0,Horario de llegada: de 16:00 a 21:00,Salida antes de las 12:00,70.0,"Barcelona, Cataluña, España",0.0,0.0,2.0,1.0,3.0,1.0
Standbyme,Alojamiento entero,111.0,Llegada a partir de las 16:00,Salida antes de las 11:00,60.0,,4.71,143.0,2.0,1.0,5.0,2.0
Jordi,Alojamiento entero,108.0,Llegada a partir de las 13:00,Salida antes de las 11:00,33.0,,4.74,782.0,3.0,1.0,5.0,2.0
Carmen Luisa,Habitación,55.0,Horario de llegada: de 15:00 a 21:00,Salida antes de las 11:00,50.0,,0.0,0.0,1.0,,2.0,
Loucie And John,Habitación,37.0,Horario de llegada: de 13:00 a 23:00,Salida antes de las 10:00,20.0,,0.0,2.0,1.0,,3.0,
Jose O,Alojamiento entero,69.0,Horario de llegada: de 13:00 a 0:00,Salida antes de las 10:00,25.0,,4.68,207.0,1.0,1.0,2.0,
Sata Sagrada Familia,Alojamiento entero,115.0,Llegada a partir de las 15:00,Salida antes de las 10:00,,,4.78,206.0,3.0,1.0,3.0,2.0
Mireia,Alojamiento entero,125.0,Horario de llegada: de 16:00 a 23:00,Salida antes de las 12:00,30.0,,4.65,554.0,1.0,1.0,2.0,1.0
Free Hostels,Habitación,29.0,Llegada a partir de las 15:00,Salida antes de las 11:00,21.0,,4.56,32.0,,,1.0,
Fernando,Alojamiento entero,107.0,Llegada a partir de las 15:00,Salida antes de las 11:00,125.0,,4.59,152.0,3.0,1.0,4.0,2.0
Luis,Alojamiento entero,127.0,Horario de llegada: de 13:00 a 21:00,Salida antes de las 11:00,40.0,,4.65,313.0,4.0,1.0,5.0,2.0
Midtown,Alojamiento entero,125.0,Horario de llegada: de 16:00 a 23:00,Salida antes de las 11:00,60.0,,4.53,146.0,2.0,1.0,5.0,1.0
Francisca,Alojamiento entero,95.0,Llegada a partir de las 15:00,Salida antes de las 11:00,50.0,"Barcelona, Catalunya, España",4.56,131.0,3.0,1.5,4.0,2.0
Jordi,Alojamiento entero,124.0,Horario de llegada: de 16:00 a 0:00,Salida antes de las 11:00,95.0,"Barcelona, Catalunya, España",5.0,4.0,4.0,1.0,5.0,2.0
Santos,Habitación,43.0,Horario de llegada: de 16:00 a 20:00,Salida antes de las 11:00,37.0,"Barcelona, Catalunya, España",4.57,63.0,1.0,,1.0,
Hospitality Apartment Management Sl,Alojamiento entero,85.0,Llegada a partir de las 15:00,Salida antes de las 11:00,48.0,,4.81,391.0,4.0,1.0,4.0,1.0
Stay U-Nique,Alojamiento entero,80.0,Llegada a partir de las 15:00,Salida antes de las 11:00,91.0,,4.63,272.0,2.0,1.0,4.0,
Kristiana,Habitación,50.0,Horario de llegada: de 15:00 a 22:00,Salida antes de las 11:00,7.0,"Barcelona, Catalunya, España",0.0,0.0,1.0,,1.0,
Joaquin,Alojamiento entero,82.0,Llegada a partir de las 15:00,Salida antes de las 11:00,87.0,,4.47,342.0,2.0,1.0,4.0,1.0
Andrea,Alojamiento entero,152.0,Llegada a partir de las 16:00,Salida antes de las 10:00,75.0,"Barcelona, Catalunya, España",0.0,0.0,3.0,2.0,5.0,2.0
The Streets Apartments,Alojamiento entero,227.0,Horario de llegada: de 15:00 a 2:00,Salida antes de las 11:00,,,4.68,395.0,4.0,3.0,7.0,4.0
Anna,Alojamiento entero,135.0,Horario de llegada: de 15:00 a 2:00,Salida antes de las 11:00,75.0,"Barcelona, Catalunya, España",0.0,0.0,4.0,2.0,5.0,3.0
Yasha,Alojamiento entero,276.0,Horario de llegada: de 15:00 a 21:00,Salida antes de las 11:00,170.0,"Barcelona, Catalunya, España",0.0,0.0,3.0,1.0,4.0,2.0
Albino,Alojamiento entero,100.0,Horario de llegada: de 15:00 a 22:00,Salida antes de las 11:00,25.0,,4.47,237.0,2.0,1.0,4.0,2.0
En Ville,Alojamiento entero,138.0,Llegada a partir de las 15:00,Salida antes de las 11:00,120.0,,4.85,553.0,4.0,1.0,4.0,2.0
Carlos,Alojamiento entero,111.0,Horario de llegada: de 15:00 a 20:00,Salida antes de las 10:00,120.0,,4.93,30.0,2.0,2.0,5.0,2.0
Cristina,Alojamiento entero,110.0,Horario de llegada: de 12:00 a 19:00,Salida antes de las 11:00,30.0,,4.62,380.0,4.0,1.5,5.0,2.0
Andres Alejandro,Habitación,61.0,Horario de llegada: de 15:00 a 21:00,Salida antes de las 11:00,50.0,,0.0,0.0,2.0,,3.0,
Marcelo,Habitación,47.0,Horario de llegada: de 15:00 a 21:00,Salida antes de las 11:00,40.0,,0.0,0.0,1.0,,2.0,
Gaudi,Alojamiento entero,111.0,Llegada a partir de las 15:00,Salida antes de las 11:00,104.0,,4.67,177.0,4.0,1.5,6.0,2.0
Marcos Inacio,Alojamiento entero,96.0,Horario de llegada: de 14:00 a 22:00,Salida antes de las 11:00,60.0,"Barcelona, Cataluña, España",4.82,433.0,1.0,1.0,4.0,1.0
Andrea,Alojamiento entero,119.0,Llegada a partir de las 16:00,Salida antes de las 10:00,70.0,"Barcelona, Catalunya, España",4.71,350.0,4.0,1.0,5.0,3.0
Milica,Alojamiento entero,129.0,Llegada a partir de las 15:00,Salida antes de las 11:00,85.0,"Barcelona, Catalunya, España",4.62,326.0,4.0,2.0,8.0,4.0
Phil And Fiona,Alojamiento entero,120.0,Llegada a partir de las 15:00,Salida antes de las 11:00,110.0,,4.76,577.0,3.0,1.0,4.0,2.0
David,Habitación,57.0,Horario de llegada: de 17:00 a 2:00,Salida antes de las 11:00,20.0,"Barcelona, Catalunya, España",0.0,0.0,1.0,,2.0,
Boutique Apartments,Alojamiento entero,133.0,Llegada a partir de las 16:00,Salida antes de las 11:00,,,4.83,601.0,1.0,1.0,2.0,1.0
Sant Jordi Hostels,Habitación,25.0,Horario de llegada: de 14:00 a 0:00,Salida antes de las 11:00,,,4.67,12.0,,,1.0,
Valeria,Alojamiento entero,150.0,Llegada a partir de las 16:00,Salida antes de las 11:00,50.0,,4.72,197.0,3.0,1.0,4.0,1.0
Lara,Alojamiento entero,129.0,Llegada a partir de las 15:00,Salida antes de las 11:00,60.0,,4.73,238.0,3.0,1.0,4.0,2.0
Ana,Alojamiento entero,102.0,Horario de llegada: de 15:00 a 21:00,Salida antes de las 10:00,80.0,,4.72,174.0,2.0,1.0,2.0,1.0
Kristina,Habitación,27.0,Horario de llegada: de 16:00 a 20:00,Salida antes de las 11:00,25.0,"Barcelona, Cataluña, España",4.17,6.0,1.0,,1.0,
Lorena,Alojamiento entero,99.0,Horario de llegada: de 15:00 a 20:00,Salida antes de las 11:00,125.0,,4.64,487.0,5.0,2.0,7.0,3.0
Mai & Maud,Alojamiento entero,128.0,Llegada a partir de las 15:00,Salida antes de las 11:00,115.0,,4.76,117.0,5.0,2.0,6.0,3.0
Victoria Isabel,Habitación,44.0,Horario de llegada: de 15:00 a 21:00,Salida antes de las 9:00,35.0,,0.0,0.0,1.0,,1.0,
Lluís,Alojamiento entero,70.0,Llegada a partir de las 14:00,Salida antes de las 11:00,30.0,,0.0,0.0,1.0,1.0,2.0,1.0
Juanca,Habitación,45.0,Horario de llegada: de 14:00 a 23:00,Salida antes de las 11:00,5.0,,4.74,326.0,1.0,,1.0,
J,Alojamiento entero,143.0,Llegada a partir de las 15:00,Salida antes de las 11:00,,"Barcelona, Catalunya, España",4.75,92.0,3.0,1.0,5.0,3.0
Sonder (Barcelona),Habitación,105.0,Llegada a partir de las 16:00,Salida antes de las 11:00,,,4.67,236.0,,1.0,2.0,1.0
Fernando,Alojamiento entero,128.0,Llegada a partir de las 15:00,Salida antes de las 11:00,140.0,"Barcelona, Catalunya, España",4.62,282.0,4.0,1.0,5.0,2.0
Jorge,Habitación,38.0,Llegada a partir de las 15:00,Salida antes de las 11:00,32.0,"Barcelona, Catalunya, España",0.0,0.0,1.0,,1.0,
Luis,Alojamiento entero,118.0,Llegada a partir de las 15:00,Salida antes de las 11:00,50.0,"Barcelona, Catalunya, España",4.75,24.0,4.0,1.0,5.0,2.0
Mònica,Alojamiento entero,147.0,Llegada a partir de las 15:00,Salida antes de las 12:00,103.0,,4.81,283.0,5.0,1.0,5.0,3.0
Laura,Alojamiento entero,150.0,Llegada a partir de las 15:00,Salida antes de las 10:00,55.0,,0.0,0.0,2.0,1.0,2.0,1.0
Susana,Alojamiento entero,100.0,Salida antes de las 11:00,Máximo 2 huéspedes,40.0,,0.0,0.0,1.0,1.0,2.0,1.0
Sara,Habitación,51.0,Llegada a partir de las 14:00,Salida antes de las 11:00,44.0,"Barcelona, Catalunya, España",0.0,0.0,1.0,,2.0,
Fontanella,Habitación,96.0,Llegada flexible,Salida antes de las 11:00,,"Barcelona, Catalunya, España",4.72,106.0,2.0,1.0,2.0,1.0
Sergio,Alojamiento entero,123.0,Llegada flexible,Salida antes de las 11:00,105.0,"Barcelona, Catalunya, España",4.77,95.0,5.0,2.0,6.0,3.0
Gimena Ana,Alojamiento entero,84.0,Horario de llegada: de 16:00 a 20:00,Salida antes de las 10:00,35.0,,4.32,315.0,1.0,1.0,2.0,1.0
Hotel Onix Fira,Habitación,103.0,Llegada a partir de las 15:00,Salida antes de las 12:00,,,4.45,279.0,2.0,1.0,2.0,1.0
Ezequiel,Habitación,30.0,Horario de llegada: de 15:00 a 22:00,Salida antes de las 10:00,18.0,,4.76,268.0,1.0,,1.0,
Kristina,Habitación,36.0,Horario de llegada: de 16:00 a 20:00,Salida antes de las 11:00,25.0,"Barcelona, Catalunya, España",0.0,2.0,1.0,,2.0,
Claudia,Alojamiento entero,109.0,Llegada a partir de las 13:00,Salida antes de las 11:00,30.0,"Barcelona, CT, España",4.65,495.0,1.0,1.0,5.0,1.0
Freser 78,Alojamiento entero,125.0,Llegada a partir de las 15:00,Salida antes de las 10:00,60.0,"Barcelona, Catalunya, España",0.0,0.0,4.0,1.0,5.0,2.0
Marta+Paul,Alojamiento entero,105.0,Llegada a partir de las 15:00,Salida antes de las 11:00,50.0,,4.64,271.0,1.0,1.0,2.0,1.0
Ricard,Alojamiento entero,175.0,Llegada a partir de las 15:00,Salida antes de las 11:00,50.0,,0.0,0.0,4.0,2.0,6.0,3.0
Kristina,Habitación,40.0,Horario de llegada: de 16:00 a 20:00,Salida antes de las 11:00,25.0,"Barcelona, Cataluña, España",4.6,5.0,2.0,,2.0,
Artur,Habitación,56.0,Horario de llegada: de 17:00 a 2:00,Salida antes de las 11:00,20.0,"Barcelona, Catalunya, España",4.63,32.0,1.0,,2.0,
Reno,Habitación,38.0,Horario de llegada: de 14:00 a 23:00,Salida antes de las 11:00,25.0,"Barcelona, Catalunya, España",0.0,2.0,1.0,,2.0,
Jose David,Habitación,41.0,Horario de llegada: de 15:00 a 22:00,Salida antes de las 10:00,15.0,"Barcelona, Catalunya, España",4.91,23.0,1.0,,2.0,
Pierre,Habitación,53.0,Llegada a partir de las 13:00,Salida antes de las 10:00,15.0,,0.0,0.0,1.0,,1.0,
Amir Hossein,Alojamiento entero,139.0,Horario de llegada: de 15:00 a 18:00,Salida antes de las 11:00,80.0,"Barcelona, Catalunya, España",0.0,0.0,4.0,2.0,8.0,3.0
Alessio,Alojamiento entero,110.0,Horario de llegada: de 16:00 a 20:00,Salida antes de las 12:00,40.0,,0.0,0.0,1.0,1.0,2.0,1.0
Phil And Fiona,Alojamiento entero,120.0,Horario de llegada: de 15:00 a 21:00,Salida antes de las 11:00,140.0,,0.0,0.0,4.0,3.0,7.0,3.0
Jaume,Alojamiento entero,62.0,Horario de llegada: de 15:00 a 19:00,Salida antes de las 11:00,100.0,"Barcelona, Catalunya, España",0.0,0.0,1.0,1.0,2.0,
Jesus Maximiliano,Habitación,67.0,Horario de llegada: de 15:00 a 20:00,Salida antes de las 10:00,,"Barcelona, Catalunya, España",0.0,0.0,1.0,,2.0,
Barbara,Alojamiento entero,155.0,Horario de llegada: de 15:00 a 20:00,Salida antes de las 11:00,50.0,,0.0,0.0,3.0,1.0,4.0,2.0
Habitat Apartments,Alojamiento entero,115.0,Horario de llegada: de 15:00 a 21:00,Salida antes de las 11:00,,,4.31,62.0,2.0,1.0,3.0,1.0
Pau,Alojamiento entero,149.0,Horario de llegada: de 16:00 a 21:00,Salida antes de las 11:00,70.0,,4.81,43.0,2.0,1.0,2.0,1.0
Alex,Alojamiento entero,86.0,Horario de llegada: de 15:00 a 0:00,Salida antes de las 11:00,60.0,"Barcelona, España",0.0,0.0,1.0,1.0,5.0,2.0
Pilar,Alojamiento entero,112.0,Llegada flexible,Salida antes de las 11:00,50.0,,4.73,187.0,3.0,1.0,6.0,3.0
Alex & Marc,Alojamiento entero,127.0,Llegada a partir de las 15:00,Salida antes de las 11:00,60.0,,0.0,0.0,5.0,2.0,6.0,2.0
